;draw_pred;home_pred;away_pred;prediction;label_x;config.;folder;epoch;label_y
2501061;1.0;0.0;0.0;0.0;1.0;144.0;0.0;99.0;Nantes - Strasbourg, 1 - 0
2516835;1.0;0.0;0.0;0.0;0.0;144.0;0.0;99.0;Augsburg - Bayer Leverkusen, 1 - 1
2516920;1.0;0.0;0.0;0.0;0.0;144.0;0.0;99.0;Hertha BSC - Hoffenheim, 1 - 1
2500866;1.0;0.0;0.0;0.0;2.0;144.0;0.0;99.0;Amiens SC - Nantes, 0 - 1
2499922;1.0;0.0;0.0;0.0;0.0;144.0;0.0;99.0;Huddersfield Town - Burnley, 0 - 0
2576142;1.0;0.0;0.0;0.0;2.0;144.0;0.0;99.0;Crotone - Napoli, 0 - 1
2499889;1.0;0.0;0.0;0.0;2.0;144.0;0.0;99.0;AFC Bournemouth - Liverpool, 0 - 4
2565857;1.0;0.0;0.0;0.0;1.0;144.0;0.0;99.0;Deportivo Alav\u00e9s - Getafe, 2 - 0
2576181;1.0;0.0;0.0;0.0;2.0;144.0;0.0;99.0;Bologna - Fiorentina, 1 - 2
2500007;1.0;0.0;0.0;0.0;1.0;144.0;0.0;99.0;Tottenham Hotspur - Huddersfield Town, 2 - 0
2565660;1.0;0.0;0.0;0.0;0.0;144.0;0.0;99.0;Athletic Club - Villarreal, 1 - 1
2516876;1.0;0.0;0.0;0.0;1.0;144.0;0.0;99.0;Hertha BSC - Hannover 96, 3 - 1
2500054;1.0;0.0;0.0;0.0;1.0;144.0;0.0;99.0;Newcastle United - Arsenal, 2 - 1
2576077;1.0;0.0;0.0;0.0;1.0;144.0;0.0;99.0;Lazio - Udinese, 3 - 0
2576053;1.0;0.0;0.0;0.0;1.0;144.0;0.0;99.0;Fiorentina - Torino, 3 - 0
2500899;1.0;0.0;0.0;0.0;1.0;144.0;0.0;99.0;Monaco - Metz, 3 - 1
2499987;1.0;0.0;0.0;0.0;1.0;144.0;0.0;99.0;Tottenham Hotspur - Arsenal, 1 - 0
2565910;1.0;0.0;0.0;0.0;1.0;144.0;0.0;99.0;Espanyol - M\u00e1laga, 4 - 1
2576295;1.0;0.0;0.0;0.0;2.0;144.0;0.0;99.0;Juventus - Napoli, 0 - 1
2500067;1.0;0.0;0.0;0.0;0.0;144.0;0.0;99.0;Watford - Crystal Palace, 0 - 0
2576189;1.0;0.0;0.0;0.0;0.0;144.0;0.0;99.0;Crotone - Atalanta, 1 - 1
2499925;1.0;0.0;0.0;0.0;0.0;144.0;0.0;99.0;Newcastle United - Brighton & Hove Albion, 0 - 0
2565665;1.0;0.0;0.0;0.0;2.0;144.0;0.0;99.0;Las Palmas - Levante, 0 - 2
2499859;1.0;0.0;0.0;0.0;0.0;144.0;0.0;99.0;AFC Bournemouth - Southampton, 1 - 1
2500026;1.0;0.0;0.0;0.0;2.0;144.0;0.0;99.0;Swansea City - Southampton, 0 - 1
2576201;1.0;0.0;0.0;0.0;0.0;144.0;0.0;99.0;Atalanta - Fiorentina, 1 - 1
2565916;1.0;0.0;0.0;0.0;1.0;144.0;0.0;99.0;Real Sociedad - Legan\u00e9s, 3 - 2
2500022;1.0;0.0;0.0;0.0;1.0;144.0;0.0;99.0;Leicester City - Arsenal, 3 - 1
2576320;1.0;0.0;0.0;0.0;2.0;144.0;0.0;99.0;Bologna - Chievo, 1 - 2
2500936;1.0;0.0;0.0;0.0;0.0;144.0;0.0;99.0;Amiens SC - Toulouse, 0 - 0
2501059;1.0;0.0;0.0;0.0;1.0;144.0;0.0;99.0;Olympique Marseille - Amiens SC, 2 - 1
2576134;1.0;0.0;0.0;0.0;2.0;144.0;0.0;99.0;Milan - Atalanta, 0 - 2
2576288;1.0;0.0;0.0;0.0;1.0;144.0;0.0;99.0;Napoli - Udinese, 4 - 2
2500854;1.0;0.0;0.0;0.0;1.0;144.0;0.0;99.0;PSG - Lille, 3 - 1
2565836;1.0;0.0;0.0;0.0;1.0;144.0;0.0;99.0;Real Madrid - Girona, 6 - 3
2517025;1.0;0.0;0.0;0.0;1.0;144.0;0.0;99.0;Mainz 05 - RB Leipzig, 3 - 0
2499949;1.0;0.0;0.0;0.0;1.0;144.0;0.0;99.0;Arsenal - Crystal Palace, 4 - 1
2565901;1.0;0.0;0.0;0.0;1.0;144.0;0.0;99.0;Villarreal - Valencia, 1 - 0
2516830;1.0;0.0;0.0;0.0;1.0;144.0;0.0;99.0;RB Leipzig - Hannover 96, 2 - 1
2565701;1.0;0.0;0.0;0.0;0.0;144.0;0.0;99.0;Sevilla - Levante, 0 - 0
2500976;1.0;0.0;0.0;0.0;0.0;144.0;0.0;99.0;Amiens SC - Troyes, 1 - 1
2517039;1.0;0.0;0.0;0.0;1.0;144.0;0.0;99.0;Freiburg - Augsburg, 2 - 0
2565820;1.0;0.0;0.0;0.0;2.0;144.0;0.0;99.0;M\u00e1laga - Barcelona, 0 - 2
2576328;1.0;0.0;0.0;0.0;2.0;144.0;0.0;99.0;Hellas Verona - Udinese, 0 - 1
2565796;1.0;0.0;0.0;0.0;1.0;144.0;0.0;99.0;Real Madrid - Deportivo Alav\u00e9s, 4 - 0
2516929;1.0;0.0;0.0;0.0;1.0;144.0;0.0;99.0;Borussia Dortmund - Hamburger SV, 2 - 0
2576118;1.0;0.0;0.0;0.0;1.0;144.0;0.0;99.0;Udinese - Benevento, 2 - 0
2576292;1.0;0.0;0.0;0.0;1.0;144.0;0.0;99.0;Sassuolo - Fiorentina, 1 - 0
2565877;1.0;0.0;0.0;0.0;1.0;144.0;0.0;99.0;Real Betis - Las Palmas, 1 - 0
2500865;1.0;0.0;0.0;0.0;1.0;144.0;0.0;99.0;Troyes - Amiens SC, 1 - 0
2565746;1.0;0.0;0.0;0.0;0.0;144.0;0.0;99.0;Deportivo Alav\u00e9s - Legan\u00e9s, 2 - 2
2500889;1.0;0.0;0.0;0.0;2.0;144.0;0.0;99.0;Guingamp - Olympique Lyonnais, 0 - 2
2516937;1.0;0.0;0.0;0.0;0.0;144.0;0.0;99.0;K\u00f6ln - Hannover 96, 1 - 1
2500989;1.0;0.0;0.0;0.0;2.0;144.0;0.0;99.0;Lille - Amiens SC, 0 - 1
2576300;1.0;0.0;0.0;0.0;1.0;144.0;0.0;99.0;Roma - Chievo, 4 - 1
2576309;1.0;0.0;0.0;0.0;0.0;144.0;0.0;99.0;Lazio - Atalanta, 1 - 1
2500791;1.0;0.0;0.0;0.0;1.0;144.0;0.0;99.0;Olympique Lyonnais - Metz, 2 - 0
2565669;1.0;0.0;0.0;0.0;2.0;144.0;0.0;99.0;Levante - Atl\u00e9tico Madrid, 0 - 5
2500778;1.0;0.0;0.0;0.0;0.0;144.0;0.0;99.0;Olympique Marseille - PSG, 2 - 2
2565816;1.0;0.0;0.0;0.0;0.0;144.0;0.0;99.0;Levante - Espanyol, 1 - 1
2516935;1.0;0.0;0.0;0.0;1.0;144.0;0.0;99.0;Hannover 96 - Freiburg, 2 - 1
2565682;1.0;0.0;0.0;0.0;1.0;144.0;0.0;99.0;Las Palmas - Real Betis, 1 - 0
2500991;1.0;0.0;0.0;0.0;2.0;144.0;0.0;99.0;Nantes - Saint-\u00c9tienne, 0 - 3
2565776;1.0;0.0;0.0;0.0;2.0;144.0;0.0;99.0;M\u00e1laga - Atl\u00e9tico Madrid, 0 - 1
2499828;1.0;0.0;0.0;0.0;2.0;144.0;0.0;99.0;West Ham United - Liverpool, 1 - 4
2565818;1.0;0.0;0.0;0.0;2.0;144.0;0.0;99.0;Eibar - Real Madrid, 1 - 2
2517034;1.0;0.0;0.0;0.0;1.0;144.0;0.0;99.0;Hannover 96 - Hertha BSC, 3 - 1
2565815;1.0;0.0;0.0;0.0;1.0;144.0;0.0;99.0;Real Sociedad - Deportivo Alav\u00e9s, 2 - 1
2499940;1.0;0.0;0.0;0.0;0.0;144.0;0.0;99.0;Chelsea - Leicester City, 0 - 0
2499872;1.0;0.0;0.0;0.0;0.0;144.0;0.0;99.0;Liverpool - Everton, 1 - 1
2500844;1.0;0.0;0.0;0.0;1.0;144.0;0.0;99.0;Strasbourg - PSG, 2 - 1
2499939;1.0;0.0;0.0;0.0;1.0;144.0;0.0;99.0;AFC Bournemouth - Arsenal, 2 - 1
2500897;1.0;0.0;0.0;0.0;2.0;144.0;0.0;99.0;Caen - Olympique Marseille, 0 - 2
2517000;1.0;0.0;0.0;0.0;1.0;144.0;0.0;99.0;Bayern M\u00fcnchen - Borussia M'gladbach, 5 - 1
2516834;1.0;0.0;0.0;0.0;1.0;144.0;0.0;99.0;Eintracht Frankfurt - Werder Bremen, 2 - 1
2500995;1.0;0.0;0.0;0.0;2.0;144.0;0.0;99.0;Troyes - Nice, 0 - 2
2576187;1.0;0.0;0.0;0.0;1.0;144.0;0.0;99.0;Cagliari - SPAL, 2 - 0
2516972;1.0;0.0;0.0;0.0;0.0;144.0;0.0;99.0;Stuttgart - RB Leipzig, 0 - 0
2516956;1.0;0.0;0.0;0.0;2.0;144.0;0.0;99.0;K\u00f6ln - Stuttgart, 2 - 3
2501039;1.0;0.0;0.0;0.0;1.0;144.0;0.0;99.0;Olympique Lyonnais - Troyes, 3 - 0
2576105;1.0;0.0;0.0;0.0;2.0;144.0;0.0;99.0;Napoli - Juventus, 0 - 1
2516891;1.0;0.0;0.0;0.0;2.0;144.0;0.0;99.0;Stuttgart - Bayern M\u00fcnchen, 0 - 1
2499832;1.0;0.0;0.0;0.0;1.0;144.0;0.0;99.0;Burnley - Swansea City, 2 - 0
2576257;1.0;0.0;0.0;0.0;2.0;144.0;0.0;99.0;Cagliari - Torino, 0 - 4
2500035;1.0;0.0;0.0;0.0;1.0;144.0;0.0;99.0;Newcastle United - Huddersfield Town, 1 - 0
2500002;1.0;0.0;0.0;0.0;0.0;144.0;0.0;99.0;Leicester City - AFC Bournemouth, 1 - 1
2499738;1.0;0.0;0.0;0.0;1.0;144.0;0.0;99.0;West Ham United - Southampton, 3 - 0
2576310;1.0;0.0;0.0;0.0;1.0;144.0;0.0;99.0;SPAL - Benevento, 2 - 0
2516857;1.0;0.0;0.0;0.0;1.0;144.0;0.0;99.0;Hoffenheim - RB Leipzig, 4 - 0
2500095;1.0;0.0;0.0;0.0;2.0;144.0;0.0;99.0;Southampton - Manchester City, 0 - 1
2565752;1.0;0.0;0.0;0.0;0.0;144.0;0.0;99.0;Sevilla - Getafe, 1 - 1
2501004;1.0;0.0;0.0;0.0;0.0;144.0;0.0;99.0;Saint-\u00c9tienne - PSG, 1 - 1
2565863;1.0;0.0;0.0;0.0;2.0;144.0;0.0;99.0;Athletic Club - Deportivo La Coru\u00f1a, 2 - 3
2516976;1.0;0.0;0.0;0.0;2.0;144.0;0.0;99.0;Freiburg - Stuttgart, 1 - 2
2576108;1.0;0.0;0.0;0.0;0.0;144.0;0.0;99.0;Torino - Atalanta, 1 - 1
2565859;1.0;0.0;0.0;0.0;2.0;144.0;0.0;99.0;Las Palmas - Real Sociedad, 0 - 1
2565758;1.0;0.0;0.0;0.0;1.0;144.0;0.0;99.0;Deportivo Alav\u00e9s - Celta de Vigo, 2 - 1
2516924;1.0;0.0;0.0;0.0;1.0;144.0;0.0;99.0;Augsburg - Eintracht Frankfurt, 3 - 0
2516952;1.0;0.0;0.0;0.0;0.0;144.0;0.0;99.0;Mainz 05 - Wolfsburg, 1 - 1
2565790;1.0;0.0;0.0;0.0;2.0;144.0;0.0;99.0;Levante - Real Betis, 0 - 2
2576112;1.0;0.0;0.0;0.0;0.0;144.0;0.0;99.0;Juventus - Internazionale, 0 - 0
2565709;1.0;0.0;0.0;0.0;2.0;144.0;0.0;99.0;Deportivo La Coru\u00f1a - Celta de Vigo, 1 - 3
2500786;1.0;0.0;0.0;0.0;2.0;144.0;0.0;99.0;Bordeaux - Monaco, 0 - 2
2576311;1.0;0.0;0.0;0.0;1.0;144.0;0.0;99.0;Juventus - Bologna, 3 - 1
2499966;1.0;0.0;0.0;0.0;1.0;144.0;0.0;99.0;Manchester City - West Bromwich Albion, 3 - 0
2516821;1.0;0.0;0.0;0.0;2.0;144.0;0.0;99.0;Hoffenheim - Borussia M'gladbach, 1 - 3
2516921;1.0;0.0;0.0;0.0;0.0;144.0;0.0;99.0;Freiburg - Bayer Leverkusen, 0 - 0
2516998;1.0;0.0;0.0;0.0;0.0;144.0;0.0;99.0;Hamburger SV - Schalke 04, 3 - 2
2516978;1.0;0.0;0.0;0.0;1.0;144.0;0.0;99.0;Eintracht Frankfurt - Mainz 05, 3 - 0
2565771;1.0;0.0;0.0;0.0;1.0;144.0;0.0;99.0;Valencia - Levante, 3 - 1
2576075;1.0;0.0;0.0;0.0;0.0;144.0;0.0;99.0;Internazionale - Torino, 1 - 1
2565645;1.0;0.0;0.0;0.0;1.0;144.0;0.0;99.0;Getafe - Real Sociedad, 2 - 1
2501032;1.0;0.0;0.0;0.0;0.0;144.0;0.0;99.0;PSG - Guingamp, 2 - 2
2516832;1.0;0.0;0.0;0.0;2.0;144.0;0.0;99.0;Freiburg - Schalke 04, 0 - 1
2500971;1.0;0.0;0.0;0.0;1.0;144.0;0.0;99.0;Nantes - Troyes, 1 - 0
2576051;1.0;0.0;0.0;0.0;1.0;144.0;0.0;99.0;Cagliari - Benevento, 2 - 1
2516860;1.0;0.0;0.0;0.0;1.0;144.0;0.0;99.0;Werder Bremen - Stuttgart, 1 - 0
2499883;1.0;0.0;0.0;0.0;1.0;144.0;0.0;99.0;Crystal Palace - Watford, 2 - 1
2516844;1.0;0.0;0.0;0.0;1.0;144.0;0.0;99.0;Mainz 05 - K\u00f6ln, 1 - 0
2501049;1.0;0.0;0.0;0.0;0.0;144.0;0.0;99.0;Guingamp - Olympique Marseille, 3 - 3
2565676;1.0;0.0;0.0;0.0;1.0;144.0;0.0;99.0;Celta de Vigo - Legan\u00e9s, 1 - 0
2499815;1.0;0.0;0.0;0.0;1.0;144.0;0.0;99.0;Liverpool - Huddersfield Town, 3 - 0
2501042;1.0;0.0;0.0;0.0;2.0;144.0;0.0;99.0;Nantes - Montpellier, 0 - 2
2499913;1.0;0.0;0.0;0.0;1.0;144.0;0.0;99.0;Liverpool - Swansea City, 5 - 0
2576182;1.0;0.0;0.0;0.0;2.0;144.0;0.0;99.0;Lazio - Genoa, 1 - 2
2576222;1.0;0.0;0.0;0.0;2.0;144.0;0.0;99.0;Udinese - Fiorentina, 0 - 2
2501040;1.0;0.0;0.0;0.0;1.0;144.0;0.0;99.0;Olympique Marseille - Nice, 2 - 1
2565785;1.0;0.0;0.0;0.0;1.0;144.0;0.0;99.0;Deportivo Alav\u00e9s - Deportivo La Coru\u00f1a, 1 - 0
2565861;1.0;0.0;0.0;0.0;1.0;144.0;0.0;99.0;Legan\u00e9s - Celta de Vigo, 1 - 0
2565651;1.0;0.0;0.0;0.0;1.0;144.0;0.0;99.0;Deportivo Alav\u00e9s - Espanyol, 1 - 0
2517031;1.0;0.0;0.0;0.0;1.0;144.0;0.0;99.0;Borussia M'gladbach - Freiburg, 3 - 1
2500053;1.0;0.0;0.0;0.0;2.0;144.0;0.0;99.0;Manchester United - West Bromwich Albion, 0 - 1
2576263;1.0;0.0;0.0;0.0;2.0;144.0;0.0;99.0;Roma - Fiorentina, 0 - 2
2501000;1.0;0.0;0.0;0.0;0.0;144.0;0.0;99.0;Olympique Marseille - Montpellier, 0 - 0
2517042;1.0;0.0;0.0;0.0;1.0;144.0;0.0;99.0;Hamburger SV - Borussia M'gladbach, 2 - 1
2500932;1.0;0.0;0.0;0.0;0.0;144.0;0.0;99.0;Nantes - Lille, 2 - 2
2500773;1.0;0.0;0.0;0.0;1.0;144.0;0.0;99.0;Saint-\u00c9tienne - Metz, 3 - 1
2516871;1.0;0.0;0.0;0.0;0.0;144.0;0.0;99.0;Hamburger SV - Wolfsburg, 0 - 0
2516933;1.0;0.0;0.0;0.0;1.0;144.0;0.0;99.0;Eintracht Frankfurt - K\u00f6ln, 4 - 2
2499991;1.0;0.0;0.0;0.0;1.0;144.0;0.0;99.0;Brighton & Hove Albion - Swansea City, 4 - 1
2501043;1.0;0.0;0.0;0.0;1.0;144.0;0.0;99.0;Rennes - Strasbourg, 2 - 1
2576088;1.0;0.0;0.0;0.0;2.0;144.0;0.0;99.0;Udinese - Cagliari, 0 - 1
2576220;1.0;0.0;0.0;0.0;1.0;144.0;0.0;99.0;Genoa - Cagliari, 2 - 1
2565842;1.0;0.0;0.0;0.0;0.0;144.0;0.0;99.0;Athletic Club - Celta de Vigo, 1 - 1
2565653;1.0;0.0;0.0;0.0;1.0;144.0;0.0;99.0;Barcelona - Sevilla, 2 - 1
2565773;1.0;0.0;0.0;0.0;0.0;144.0;0.0;99.0;Celta de Vigo - Espanyol, 2 - 2
2516868;1.0;0.0;0.0;0.0;0.0;144.0;0.0;99.0;Borussia M'gladbach - Schalke 04, 1 - 1
2499982;1.0;0.0;0.0;0.0;1.0;144.0;0.0;99.0;Manchester City - Leicester City, 5 - 1
2576086;1.0;0.0;0.0;0.0;0.0;144.0;0.0;99.0;SPAL - Fiorentina, 1 - 1
2565658;1.0;0.0;0.0;0.0;2.0;144.0;0.0;99.0;Legan\u00e9s - Barcelona, 0 - 3
2576188;1.0;0.0;0.0;0.0;0.0;144.0;0.0;99.0;Sampdoria - Torino, 1 - 1
2565898;1.0;0.0;0.0;0.0;2.0;144.0;0.0;99.0;Las Palmas - Getafe, 0 - 1
2565907;1.0;0.0;0.0;0.0;0.0;144.0;0.0;99.0;Barcelona - Real Madrid, 2 - 2
2500914;1.0;0.0;0.0;0.0;1.0;144.0;0.0;99.0;Saint-\u00c9tienne - Caen, 2 - 1
2499944;1.0;0.0;0.0;0.0;1.0;144.0;0.0;99.0;Manchester United - Stoke City, 3 - 0
2565872;1.0;0.0;0.0;0.0;1.0;144.0;0.0;99.0;Villarreal - Legan\u00e9s, 2 - 1
2499867;1.0;0.0;0.0;0.0;0.0;144.0;0.0;99.0;Watford - Tottenham Hotspur, 1 - 1
2576215;1.0;0.0;0.0;0.0;2.0;144.0;0.0;99.0;Cagliari - Napoli, 0 - 5
2576114;1.0;0.0;0.0;0.0;1.0;144.0;0.0;99.0;Milan - Bologna, 2 - 1
2576161;1.0;0.0;0.0;0.0;2.0;144.0;0.0;99.0;Hellas Verona - Crotone, 0 - 3
2500811;1.0;0.0;0.0;0.0;1.0;144.0;0.0;99.0;Lille - Saint-\u00c9tienne, 3 - 1
2576332;1.0;0.0;0.0;0.0;1.0;144.0;0.0;99.0;Napoli - Crotone, 2 - 1
2576318;1.0;0.0;0.0;0.0;0.0;144.0;0.0;99.0;Napoli - Torino, 2 - 2
2517003;1.0;0.0;0.0;0.0;0.0;144.0;0.0;99.0;Werder Bremen - RB Leipzig, 1 - 1
2499863;1.0;0.0;0.0;0.0;1.0;144.0;0.0;99.0;Everton - Huddersfield Town, 2 - 0
2565813;1.0;0.0;0.0;0.0;1.0;144.0;0.0;99.0;Celta de Vigo - Las Palmas, 2 - 1
2499825;1.0;0.0;0.0;0.0;0.0;144.0;0.0;99.0;Stoke City - Leicester City, 2 - 2
2565693;1.0;0.0;0.0;0.0;1.0;144.0;0.0;99.0;Deportivo La Coru\u00f1a - Legan\u00e9s, 1 - 0
2576270;1.0;0.0;0.0;0.0;1.0;144.0;0.0;99.0;Genoa - Crotone, 1 - 0
2499895;1.0;0.0;0.0;0.0;1.0;144.0;0.0;99.0;Manchester City - Tottenham Hotspur, 4 - 1
2576059;1.0;0.0;0.0;0.0;2.0;144.0;0.0;99.0;Benevento - Lazio, 1 - 5
2565694;1.0;0.0;0.0;0.0;1.0;144.0;0.0;99.0;Valencia - Celta de Vigo, 2 - 1
2565760;1.0;0.0;0.0;0.0;1.0;144.0;0.0;99.0;Atl\u00e9tico Madrid - Valencia, 1 - 0
2516818;1.0;0.0;0.0;0.0;2.0;144.0;0.0;99.0;Hamburger SV - Bayern M\u00fcnchen, 0 - 1
2500812;1.0;0.0;0.0;0.0;0.0;144.0;0.0;99.0;Olympique Lyonnais - Montpellier, 0 - 0
2499973;1.0;0.0;0.0;0.0;0.0;144.0;0.0;99.0;Crystal Palace - Newcastle United, 1 - 1
2576120;1.0;0.0;0.0;0.0;2.0;144.0;0.0;99.0;Benevento - SPAL, 1 - 2
2576152;1.0;0.0;0.0;0.0;1.0;144.0;0.0;99.0;Napoli - Hellas Verona, 2 - 0
2501025;1.0;0.0;0.0;0.0;1.0;144.0;0.0;99.0;Toulouse - Angers SCO, 2 - 0
2565671;1.0;0.0;0.0;0.0;0.0;144.0;0.0;99.0;Deportivo La Coru\u00f1a - Athletic Club, 2 - 2
2501041;1.0;0.0;0.0;0.0;2.0;144.0;0.0;99.0;Metz - Angers SCO, 1 - 2
2576213;1.0;0.0;0.0;0.0;2.0;144.0;0.0;99.0;Sassuolo - Lazio, 0 - 3
2565809;1.0;0.0;0.0;0.0;2.0;144.0;0.0;99.0;Villarreal - Girona, 0 - 2
2499886;1.0;0.0;0.0;0.0;2.0;144.0;0.0;99.0;Southampton - Leicester City, 1 - 4
2499892;1.0;0.0;0.0;0.0;1.0;144.0;0.0;99.0;Chelsea - Southampton, 1 - 0
2565801;1.0;0.0;0.0;0.0;1.0;144.0;0.0;99.0;Getafe - Deportivo La Coru\u00f1a, 3 - 0
2500939;1.0;0.0;0.0;0.0;0.0;144.0;0.0;99.0;Lille - Olympique Lyonnais, 2 - 2
2501006;1.0;0.0;0.0;0.0;0.0;144.0;0.0;99.0;Angers SCO - Nice, 1 - 1
2500892;1.0;0.0;0.0;0.0;1.0;144.0;0.0;99.0;Metz - Saint-\u00c9tienne, 3 - 0
2499909;1.0;0.0;0.0;0.0;0.0;144.0;0.0;99.0;AFC Bournemouth - West Ham United, 3 - 3
2576095;1.0;0.0;0.0;0.0;0.0;144.0;0.0;99.0;Lazio - Fiorentina, 1 - 1
2576313;1.0;0.0;0.0;0.0;2.0;144.0;0.0;99.0;Genoa - Fiorentina, 2 - 3
2499952;1.0;0.0;0.0;0.0;0.0;144.0;0.0;99.0;Everton - West Bromwich Albion, 1 - 1
2500891;1.0;0.0;0.0;0.0;1.0;144.0;0.0;99.0;Olympique Marseille - Strasbourg, 2 - 0
2516942;1.0;0.0;0.0;0.0;1.0;144.0;0.0;99.0;Eintracht Frankfurt - RB Leipzig, 2 - 1
2500887;1.0;0.0;0.0;0.0;1.0;144.0;0.0;99.0;Angers SCO - Troyes, 3 - 1
2517013;1.0;0.0;0.0;0.0;2.0;144.0;0.0;99.0;Eintracht Frankfurt - Hertha BSC, 0 - 3
2500097;1.0;0.0;0.0;0.0;1.0;144.0;0.0;99.0;Tottenham Hotspur - Leicester City, 5 - 4
2516913;1.0;0.0;0.0;0.0;0.0;144.0;0.0;99.0;K\u00f6ln - Augsburg, 1 - 1
2565838;1.0;0.0;0.0;0.0;0.0;144.0;0.0;99.0;Espanyol - Deportivo Alav\u00e9s, 0 - 0
2576296;1.0;0.0;0.0;0.0;2.0;144.0;0.0;99.0;SPAL - Roma, 0 - 3
2500929;1.0;0.0;0.0;0.0;0.0;144.0;0.0;99.0;Guingamp - Caen, 0 - 0
2516877;1.0;0.0;0.0;0.0;1.0;144.0;0.0;99.0;Freiburg - Borussia M'gladbach, 1 - 0
2500047;1.0;0.0;0.0;0.0;2.0;144.0;0.0;99.0;Watford - Burnley, 1 - 2
2516927;1.0;0.0;0.0;0.0;0.0;144.0;0.0;99.0;Wolfsburg - Stuttgart, 1 - 1
2500853;1.0;0.0;0.0;0.0;2.0;144.0;0.0;99.0;Nantes - Nice, 1 - 2
2499846;1.0;0.0;0.0;0.0;0.0;144.0;0.0;99.0;Swansea City - AFC Bournemouth, 0 - 0
2500868;1.0;0.0;0.0;0.0;2.0;144.0;0.0;99.0;Bordeaux - Montpellier, 0 - 2
2565719;1.0;0.0;0.0;0.0;2.0;144.0;0.0;99.0;Las Palmas - Eibar, 1 - 2
2576139;1.0;0.0;0.0;0.0;2.0;144.0;0.0;99.0;Atalanta - Cagliari, 1 - 2
2516965;1.0;0.0;0.0;0.0;1.0;144.0;0.0;99.0;Borussia Dortmund - Eintracht Frankfurt, 3 - 2
2500010;1.0;0.0;0.0;0.0;1.0;144.0;0.0;99.0;Arsenal - Watford, 3 - 0
2500838;1.0;0.0;0.0;0.0;1.0;144.0;0.0;99.0;Lille - Toulouse, 1 - 0
2565855;1.0;0.0;0.0;0.0;1.0;144.0;0.0;99.0;Levante - Las Palmas, 2 - 1
2576190;1.0;0.0;0.0;0.0;1.0;144.0;0.0;99.0;Roma - Benevento, 5 - 2
2500979;1.0;0.0;0.0;0.0;2.0;144.0;0.0;99.0;Olympique Marseille - Olympique Lyonnais, 2 - 3
2500871;1.0;0.0;0.0;0.0;1.0;144.0;0.0;99.0;Olympique Marseille - Troyes, 3 - 1
2501017;1.0;0.0;0.0;0.0;2.0;144.0;0.0;99.0;Bordeaux - PSG, 0 - 1
2565764;1.0;0.0;0.0;0.0;1.0;144.0;0.0;99.0;Eibar - Sevilla, 5 - 1
2516983;1.0;0.0;0.0;0.0;1.0;144.0;0.0;99.0;Hoffenheim - K\u00f6ln, 6 - 0
2500980;0.0;0.0;1.0;2.0;0.0;144.0;1.0;99.0;Metz - Nantes, 1 - 1
2499928;0.0;0.0;1.0;2.0;0.0;144.0;1.0;99.0;West Bromwich Albion - Arsenal, 1 - 1
2576156;0.0;0.0;1.0;2.0;1.0;144.0;1.0;99.0;Benevento - Sampdoria, 3 - 2
2576178;0.0;0.0;1.0;2.0;2.0;144.0;1.0;99.0;Genoa - Udinese, 0 - 1
2500016;0.0;0.0;1.0;2.0;2.0;144.0;1.0;99.0;Stoke City - Manchester City, 0 - 2
2565629;0.0;0.0;1.0;2.0;1.0;144.0;1.0;99.0;Barcelona - M\u00e1laga, 2 - 0
2500924;0.0;0.0;1.0;2.0;2.0;144.0;1.0;99.0;Strasbourg - Bordeaux, 0 - 2
2500807;0.0;0.0;1.0;2.0;0.0;144.0;1.0;99.0;Bordeaux - Olympique Marseille, 1 - 1
2576067;0.0;0.0;1.0;2.0;1.0;144.0;1.0;99.0;Torino - Cagliari, 2 - 1
2516823;0.0;0.0;1.0;2.0;2.0;144.0;1.0;99.0;Werder Bremen - Augsburg, 0 - 3
2500823;0.0;0.0;1.0;2.0;1.0;144.0;1.0;99.0;Rennes - Nantes, 2 - 1
2499910;0.0;0.0;1.0;2.0;1.0;144.0;1.0;99.0;Chelsea - Brighton & Hove Albion, 2 - 0
2565652;0.0;0.0;1.0;2.0;2.0;144.0;1.0;99.0;Levante - Girona, 1 - 2
2500984;0.0;0.0;1.0;2.0;1.0;144.0;1.0;99.0;Saint-\u00c9tienne - Guingamp, 2 - 0
2516833;0.0;0.0;1.0;2.0;0.0;144.0;1.0;99.0;Borussia M'gladbach - Mainz 05, 1 - 1
2565808;0.0;0.0;1.0;2.0;1.0;144.0;1.0;99.0;Legan\u00e9s - M\u00e1laga, 2 - 0
2500064;0.0;0.0;1.0;2.0;0.0;144.0;1.0;99.0;Leicester City - Southampton, 0 - 0
2500816;0.0;0.0;1.0;2.0;1.0;144.0;1.0;99.0;Caen - Bordeaux, 1 - 0
2576254;0.0;0.0;1.0;2.0;0.0;144.0;1.0;99.0;Bologna - Roma, 1 - 1
2576193;0.0;0.0;1.0;2.0;2.0;144.0;1.0;99.0;Chievo - Genoa, 0 - 1
2500030;0.0;0.0;1.0;2.0;2.0;144.0;1.0;99.0;Brighton & Hove Albion - Leicester City, 0 - 2
2499855;0.0;0.0;1.0;2.0;1.0;144.0;1.0;99.0;Chelsea - Swansea City, 1 - 0
2500918;0.0;0.0;1.0;2.0;2.0;144.0;1.0;99.0;Lille - PSG, 0 - 3
2516940;0.0;0.0;1.0;2.0;2.0;144.0;1.0;99.0;Borussia M'gladbach - Borussia Dortmund, 0 - 1
2516985;0.0;0.0;1.0;2.0;1.0;144.0;1.0;99.0;Werder Bremen - Eintracht Frankfurt, 2 - 1
2500968;0.0;0.0;1.0;2.0;2.0;144.0;1.0;99.0;Guingamp - Nice, 2 - 5
2499946;0.0;0.0;1.0;2.0;1.0;144.0;1.0;99.0;Tottenham Hotspur - Everton, 4 - 0
2501053;0.0;0.0;1.0;2.0;1.0;144.0;1.0;99.0;Nice - Caen, 4 - 1
2500018;0.0;0.0;1.0;2.0;2.0;144.0;1.0;99.0;West Ham United - Burnley, 0 - 3
2565921;0.0;0.0;1.0;2.0;2.0;144.0;1.0;99.0;M\u00e1laga - Getafe, 0 - 1
2499972;0.0;0.0;1.0;2.0;0.0;144.0;1.0;99.0;Burnley - Manchester City, 1 - 1
2499962;0.0;0.0;1.0;2.0;2.0;144.0;1.0;99.0;Chelsea - AFC Bournemouth, 0 - 3
2516902;0.0;0.0;1.0;2.0;2.0;144.0;1.0;99.0;Hoffenheim - Bayer Leverkusen, 1 - 4
2565799;0.0;0.0;1.0;2.0;1.0;144.0;1.0;99.0;Espanyol - Real Madrid, 1 - 0
2565888;0.0;0.0;1.0;2.0;1.0;144.0;1.0;99.0;Villarreal - Celta de Vigo, 4 - 1
2565903;0.0;0.0;1.0;2.0;1.0;144.0;1.0;99.0;Athletic Club - Real Betis, 2 - 0
2516836;0.0;0.0;1.0;2.0;1.0;144.0;1.0;99.0;Hamburger SV - Stuttgart, 3 - 1
2576153;0.0;0.0;1.0;2.0;0.0;144.0;1.0;99.0;Fiorentina - Internazionale, 1 - 1
2576183;0.0;0.0;1.0;2.0;0.0;144.0;1.0;99.0;Udinese - Milan, 1 - 1
2565618;0.0;0.0;1.0;2.0;2.0;144.0;1.0;99.0;Girona - Villarreal, 1 - 2
2576240;0.0;0.0;1.0;2.0;0.0;144.0;1.0;99.0;Lazio - Bologna, 1 - 1
2516826;0.0;0.0;1.0;2.0;0.0;144.0;1.0;99.0;Mainz 05 - Eintracht Frankfurt, 1 - 1
2499806;0.0;0.0;1.0;2.0;2.0;144.0;1.0;99.0;Swansea City - Leicester City, 1 - 2
2576314;0.0;0.0;1.0;2.0;1.0;144.0;1.0;99.0;Milan - Hellas Verona, 4 - 1
2500814;0.0;0.0;1.0;2.0;1.0;144.0;1.0;99.0;Strasbourg - Rennes, 2 - 1
2500831;0.0;0.0;1.0;2.0;2.0;144.0;1.0;99.0;Metz - Olympique Marseille, 0 - 3
2565757;0.0;0.0;1.0;2.0;1.0;144.0;1.0;99.0;Villarreal - Real Sociedad, 4 - 2
2517036;0.0;0.0;1.0;2.0;2.0;144.0;1.0;99.0;Bayern M\u00fcnchen - Stuttgart, 1 - 4
2517011;0.0;0.0;1.0;2.0;0.0;144.0;1.0;99.0;K\u00f6ln - Schalke 04, 2 - 2
2565889;0.0;0.0;1.0;2.0;2.0;144.0;1.0;99.0;Deportivo La Coru\u00f1a - Barcelona, 2 - 4
2565632;0.0;0.0;1.0;2.0;1.0;144.0;1.0;99.0;Valencia - Sevilla, 4 - 0
2565830;0.0;0.0;1.0;2.0;1.0;144.0;1.0;99.0;Barcelona - Athletic Club, 2 - 0
2501026;0.0;0.0;1.0;2.0;0.0;144.0;1.0;99.0;Angers SCO - Olympique Marseille, 1 - 1
2499958;0.0;0.0;1.0;2.0;0.0;144.0;1.0;99.0;West Ham United - AFC Bournemouth, 1 - 1
2565662;0.0;0.0;1.0;2.0;1.0;144.0;1.0;99.0;M\u00e1laga - Deportivo La Coru\u00f1a, 3 - 2
2565788;0.0;0.0;1.0;2.0;1.0;144.0;1.0;99.0;Athletic Club - M\u00e1laga, 2 - 1
2500915;0.0;0.0;1.0;2.0;1.0;144.0;1.0;99.0;Toulouse - Troyes, 1 - 0
2576046;0.0;0.0;1.0;2.0;2.0;144.0;1.0;99.0;SPAL - Sassuolo, 0 - 1
2500790;0.0;0.0;1.0;2.0;2.0;144.0;1.0;99.0;Lille - Olympique Marseille, 0 - 1
2565802;0.0;0.0;1.0;2.0;0.0;144.0;1.0;99.0;Athletic Club - Valencia, 1 - 1
2565882;0.0;0.0;1.0;2.0;1.0;144.0;1.0;99.0;Sevilla - Real Madrid, 3 - 2
2500029;0.0;0.0;1.0;2.0;1.0;144.0;1.0;99.0;Arsenal - Stoke City, 3 - 0
2576128;0.0;0.0;1.0;2.0;2.0;144.0;1.0;99.0;Torino - Napoli, 1 - 3
2499813;0.0;0.0;1.0;2.0;0.0;144.0;1.0;99.0;Crystal Palace - West Ham United, 2 - 2
2499831;0.0;0.0;1.0;2.0;0.0;144.0;1.0;99.0;Brighton & Hove Albion - Stoke City, 2 - 2
2500834;0.0;0.0;1.0;2.0;0.0;144.0;1.0;99.0;Strasbourg - Caen, 0 - 0
2565807;0.0;0.0;1.0;2.0;0.0;144.0;1.0;99.0;Las Palmas - Barcelona, 1 - 1
2499866;0.0;0.0;1.0;2.0;1.0;144.0;1.0;99.0;Stoke City - Swansea City, 2 - 1
2576249;0.0;0.0;1.0;2.0;1.0;144.0;1.0;99.0;Lazio - Benevento, 6 - 2
2576280;0.0;0.0;1.0;2.0;1.0;144.0;1.0;99.0;Sampdoria - Bologna, 1 - 0
2576333;0.0;0.0;1.0;2.0;1.0;144.0;1.0;99.0;Milan - Fiorentina, 5 - 1
2501062;0.0;0.0;1.0;2.0;0.0;144.0;1.0;99.0;Rennes - Montpellier, 1 - 1
2516997;0.0;0.0;1.0;2.0;2.0;144.0;1.0;99.0;Augsburg - Bayern M\u00fcnchen, 1 - 4
2576214;0.0;0.0;1.0;2.0;2.0;144.0;1.0;99.0;Roma - Milan, 0 - 2
2576111;0.0;0.0;1.0;2.0;2.0;144.0;1.0;99.0;Genoa - Atalanta, 1 - 2
2499870;0.0;0.0;1.0;2.0;0.0;144.0;1.0;99.0;Crystal Palace - AFC Bournemouth, 2 - 2
2500833;0.0;0.0;1.0;2.0;1.0;144.0;1.0;99.0;PSG - Troyes, 2 - 0
2499902;0.0;0.0;1.0;2.0;0.0;144.0;1.0;99.0;Everton - Chelsea, 0 - 0
2500947;0.0;0.0;1.0;2.0;1.0;144.0;1.0;99.0;Dijon - Caen, 2 - 0
2565781;0.0;0.0;1.0;2.0;2.0;144.0;1.0;99.0;Eibar - Barcelona, 0 - 2
2500997;0.0;0.0;1.0;2.0;0.0;144.0;1.0;99.0;Angers SCO - Strasbourg, 1 - 1
2576191;0.0;0.0;1.0;2.0;1.0;144.0;1.0;99.0;Internazionale - Bologna, 2 - 1
2517032;0.0;0.0;1.0;2.0;1.0;144.0;1.0;99.0;Eintracht Frankfurt - Hamburger SV, 3 - 0
2499951;0.0;0.0;1.0;2.0;2.0;144.0;1.0;99.0;Burnley - Manchester United, 0 - 1
2500828;0.0;0.0;1.0;2.0;1.0;144.0;1.0;99.0;Bordeaux - Saint-\u00c9tienne, 3 - 0
2500884;0.0;0.0;1.0;2.0;2.0;144.0;1.0;99.0;Strasbourg - Guingamp, 0 - 2
2517020;0.0;0.0;1.0;2.0;0.0;144.0;1.0;99.0;Hertha BSC - Augsburg, 2 - 2
2500855;0.0;0.0;1.0;2.0;1.0;144.0;1.0;99.0;Toulouse - Caen, 2 - 0
2516896;0.0;0.0;1.0;2.0;0.0;144.0;1.0;99.0;Eintracht Frankfurt - Freiburg, 1 - 1
2576202;0.0;0.0;1.0;2.0;1.0;144.0;1.0;99.0;Lazio - Hellas Verona, 2 - 0
2576131;0.0;0.0;1.0;2.0;1.0;144.0;1.0;99.0;Genoa - Benevento, 1 - 0
2499841;0.0;0.0;1.0;2.0;2.0;144.0;1.0;99.0;Huddersfield Town - Manchester City, 1 - 2
2576335;0.0;0.0;1.0;2.0;2.0;144.0;1.0;99.0;Lazio - Internazionale, 2 - 3
2516915;0.0;0.0;1.0;2.0;1.0;144.0;1.0;99.0;Eintracht Frankfurt - Borussia M'gladbach, 2 - 0
2501034;0.0;0.0;1.0;2.0;0.0;144.0;1.0;99.0;Strasbourg - Nice, 1 - 1
2565767;0.0;0.0;1.0;2.0;1.0;144.0;1.0;99.0;Las Palmas - M\u00e1laga, 1 - 0
2516882;0.0;0.0;1.0;2.0;0.0;144.0;1.0;99.0;Wolfsburg - RB Leipzig, 1 - 1
2565644;0.0;0.0;1.0;2.0;1.0;144.0;1.0;99.0;Girona - Real Madrid, 2 - 1
2576144;0.0;0.0;1.0;2.0;2.0;144.0;1.0;99.0;Hellas Verona - Juventus, 1 - 3
2565843;0.0;0.0;1.0;2.0;0.0;144.0;1.0;99.0;Girona - Levante, 1 - 1
2499899;0.0;0.0;1.0;2.0;0.0;144.0;1.0;99.0;Arsenal - Liverpool, 3 - 3
2499988;0.0;0.0;1.0;2.0;1.0;144.0;1.0;99.0;West Ham United - Watford, 2 - 0
2517012;0.0;0.0;1.0;2.0;1.0;144.0;1.0;99.0;Borussia M'gladbach - Wolfsburg, 3 - 0
2565786;0.0;0.0;1.0;2.0;0.0;144.0;1.0;99.0;Espanyol - Villarreal, 1 - 1
2576184;0.0;0.0;1.0;2.0;2.0;144.0;1.0;99.0;Benevento - Napoli, 0 - 2
2565899;0.0;0.0;1.0;2.0;2.0;144.0;1.0;99.0;Atl\u00e9tico Madrid - Espanyol, 0 - 2
2576062;0.0;0.0;1.0;2.0;2.0;144.0;1.0;99.0;Milan - Juventus, 0 - 2
2499893;0.0;0.0;1.0;2.0;1.0;144.0;1.0;99.0;Everton - Swansea City, 3 - 1
2576165;0.0;0.0;1.0;2.0;2.0;144.0;1.0;99.0;Atalanta - Napoli, 0 - 1
2576225;0.0;0.0;1.0;2.0;2.0;144.0;1.0;99.0;Lazio - Juventus, 0 - 1
2501028;0.0;0.0;1.0;2.0;1.0;144.0;1.0;99.0;Lille - Metz, 3 - 1
2500024;0.0;0.0;1.0;2.0;1.0;144.0;1.0;99.0;Manchester City - Brighton & Hove Albion, 3 - 1
2500033;0.0;0.0;1.0;2.0;2.0;144.0;1.0;99.0;Everton - Manchester City, 1 - 3
2499916;0.0;0.0;1.0;2.0;1.0;144.0;1.0;99.0;Tottenham Hotspur - Southampton, 5 - 2
2576205;0.0;0.0;1.0;2.0;2.0;144.0;1.0;99.0;Udinese - Roma, 0 - 2
2499836;0.0;0.0;1.0;2.0;1.0;144.0;1.0;99.0;Manchester United - Newcastle United, 4 - 1
2500827;0.0;0.0;1.0;2.0;2.0;144.0;1.0;99.0;Angers SCO - Rennes, 1 - 2
2500821;0.0;0.0;1.0;2.0;1.0;144.0;1.0;99.0;Montpellier - Lille, 3 - 0
2500987;0.0;0.0;1.0;2.0;2.0;144.0;1.0;99.0;Dijon - Olympique Marseille, 1 - 3
2565869;0.0;0.0;1.0;2.0;1.0;144.0;1.0;99.0;Levante - M\u00e1laga, 1 - 0
2500070;0.0;0.0;1.0;2.0;1.0;144.0;1.0;99.0;Crystal Palace - Leicester City, 5 - 0
2500091;0.0;0.0;1.0;2.0;2.0;144.0;1.0;99.0;Huddersfield Town - Arsenal, 0 - 1
2565765;0.0;0.0;1.0;2.0;1.0;144.0;1.0;99.0;Real Sociedad - Deportivo La Coru\u00f1a, 5 - 0
2516918;0.0;0.0;1.0;2.0;2.0;144.0;1.0;99.0;Stuttgart - Schalke 04, 0 - 2
2500019;0.0;0.0;1.0;2.0;1.0;144.0;1.0;99.0;AFC Bournemouth - West Bromwich Albion, 2 - 1
2500941;0.0;0.0;1.0;2.0;1.0;144.0;1.0;99.0;Monaco - Dijon, 4 - 0
2516850;0.0;0.0;1.0;2.0;1.0;144.0;1.0;99.0;Freiburg - Mainz 05, 2 - 1
2576261;0.0;0.0;1.0;2.0;1.0;144.0;1.0;99.0;Hellas Verona - Cagliari, 1 - 0
2500981;0.0;0.0;1.0;2.0;1.0;144.0;1.0;99.0;Monaco - Lille, 2 - 1
2499943;0.0;0.0;1.0;2.0;1.0;144.0;1.0;99.0;Liverpool - Manchester City, 4 - 3
2517041;0.0;0.0;1.0;2.0;1.0;144.0;1.0;99.0;Bayer Leverkusen - Hannover 96, 3 - 2
2565638;0.0;0.0;1.0;2.0;2.0;144.0;1.0;99.0;Deportivo Alav\u00e9s - Valencia, 1 - 2
2500895;0.0;0.0;1.0;2.0;0.0;144.0;1.0;99.0;Toulouse - Nantes, 1 - 1
2500808;0.0;0.0;1.0;2.0;0.0;144.0;1.0;99.0;Caen - Nice, 1 - 1
2501035;0.0;0.0;1.0;2.0;1.0;144.0;1.0;99.0;Troyes - Caen, 3 - 1
2576293;0.0;0.0;1.0;2.0;1.0;144.0;1.0;99.0;Genoa - Hellas Verona, 3 - 1
2500014;0.0;0.0;1.0;2.0;1.0;144.0;1.0;99.0;Manchester United - Liverpool, 2 - 1
2565699;0.0;0.0;1.0;2.0;2.0;144.0;1.0;99.0;Celta de Vigo - Villarreal, 0 - 1
2499961;0.0;0.0;1.0;2.0;0.0;144.0;1.0;99.0;West Ham United - Crystal Palace, 1 - 1
2501048;0.0;0.0;1.0;2.0;1.0;144.0;1.0;99.0;Bordeaux - Toulouse, 4 - 2
2499974;0.0;0.0;1.0;2.0;0.0;144.0;1.0;99.0;Leicester City - Swansea City, 1 - 1
2516887;0.0;0.0;1.0;2.0;1.0;144.0;1.0;99.0;Borussia M'gladbach - Hamburger SV, 3 - 1
2565692;0.0;0.0;1.0;2.0;2.0;144.0;1.0;99.0;Villarreal - Barcelona, 0 - 2
2576289;0.0;0.0;1.0;2.0;2.0;144.0;1.0;99.0;Milan - Benevento, 0 - 1
2516899;0.0;0.0;1.0;2.0;1.0;144.0;1.0;99.0;Hannover 96 - Mainz 05, 3 - 2
2500905;0.0;0.0;1.0;2.0;1.0;144.0;1.0;99.0;Troyes - Lille, 1 - 0
2500867;0.0;0.0;1.0;2.0;1.0;144.0;1.0;99.0;Angers SCO - Dijon, 2 - 1
2576185;0.0;0.0;1.0;2.0;2.0;144.0;1.0;99.0;Hellas Verona - Roma, 0 - 1
2516865;0.0;0.0;1.0;2.0;2.0;144.0;1.0;99.0;Borussia Dortmund - Werder Bremen, 1 - 2
2499857;0.0;0.0;1.0;2.0;1.0;144.0;1.0;99.0;Manchester City - Southampton, 2 - 1
2499996;0.0;0.0;1.0;2.0;1.0;144.0;1.0;99.0;Manchester United - Chelsea, 2 - 1
2576330;0.0;0.0;1.0;2.0;1.0;144.0;1.0;99.0;Chievo - Benevento, 1 - 0
2576326;0.0;0.0;1.0;2.0;2.0;144.0;1.0;99.0;Internazionale - Sassuolo, 1 - 2
2565895;0.0;0.0;1.0;2.0;1.0;144.0;1.0;99.0;Levante - Sevilla, 2 - 1
2576231;0.0;0.0;1.0;2.0;1.0;144.0;1.0;99.0;Hellas Verona - Chievo, 1 - 0
2516880;0.0;0.0;1.0;2.0;2.0;144.0;1.0;99.0;Hamburger SV - Eintracht Frankfurt, 1 - 2
2500923;0.0;0.0;1.0;2.0;2.0;144.0;1.0;99.0;Rennes - Guingamp, 0 - 1
2499999;0.0;0.0;1.0;2.0;1.0;144.0;1.0;99.0;Brighton & Hove Albion - Arsenal, 2 - 1
2516903;0.0;0.0;1.0;2.0;0.0;144.0;1.0;99.0;Hertha BSC - Borussia Dortmund, 1 - 1
2565866;0.0;0.0;1.0;2.0;0.0;144.0;1.0;99.0;Sevilla - Villarreal, 2 - 2
2500058;0.0;0.0;1.0;2.0;0.0;144.0;1.0;99.0;West Ham United - Stoke City, 1 - 1
2576174;0.0;0.0;1.0;2.0;0.0;144.0;1.0;99.0;SPAL - Internazionale, 1 - 1
2500092;0.0;0.0;1.0;2.0;1.0;144.0;1.0;99.0;Liverpool - Brighton & Hove Albion, 4 - 0
2565656;0.0;0.0;1.0;2.0;1.0;144.0;1.0;99.0;Valencia - Legan\u00e9s, 3 - 0
2516987;0.0;0.0;1.0;2.0;0.0;144.0;1.0;99.0;Bayer Leverkusen - Augsburg, 0 - 0
2499840;0.0;0.0;1.0;2.0;1.0;144.0;1.0;99.0;Crystal Palace - Stoke City, 2 - 1
2576291;0.0;0.0;1.0;2.0;2.0;144.0;1.0;99.0;Udinese - Crotone, 1 - 2
2565789;0.0;0.0;1.0;2.0;2.0;144.0;1.0;99.0;Sevilla - Atl\u00e9tico Madrid, 2 - 5
2576087;0.0;0.0;1.0;2.0;0.0;144.0;1.0;99.0;Torino - Chievo, 1 - 1
2500803;0.0;0.0;1.0;2.0;1.0;144.0;1.0;99.0;Rennes - Bordeaux, 1 - 0
2500907;0.0;0.0;1.0;2.0;1.0;144.0;1.0;99.0;Bordeaux - Olympique Lyonnais, 3 - 1
2517021;0.0;0.0;1.0;2.0;1.0;144.0;1.0;99.0;Freiburg - K\u00f6ln, 3 - 2
2565684;0.0;0.0;1.0;2.0;1.0;144.0;1.0;99.0;Getafe - Valencia, 1 - 0
2576130;0.0;0.0;1.0;2.0;2.0;144.0;1.0;99.0;Chievo - Bologna, 2 - 3
2576235;0.0;0.0;1.0;2.0;1.0;144.0;1.0;99.0;Crotone - Sampdoria, 4 - 1
2576302;0.0;0.0;1.0;2.0;2.0;144.0;1.0;99.0;Internazionale - Juventus, 2 - 3
2565878;0.0;0.0;1.0;2.0;0.0;144.0;1.0;99.0;Celta de Vigo - Valencia, 1 - 1
2500789;0.0;0.0;1.0;2.0;0.0;144.0;1.0;99.0;Guingamp - Amiens SC, 1 - 1
2517017;0.0;0.0;1.0;2.0;1.0;144.0;1.0;99.0;Stuttgart - Werder Bremen, 2 - 0
2517022;0.0;0.0;1.0;2.0;0.0;144.0;1.0;99.0;Werder Bremen - Borussia Dortmund, 1 - 1
2499975;0.0;0.0;1.0;2.0;0.0;144.0;1.0;99.0;Liverpool - Tottenham Hotspur, 2 - 2
2501045;0.0;0.0;1.0;2.0;2.0;144.0;1.0;99.0;Toulouse - Lille, 2 - 3
2565647;0.0;0.0;1.0;2.0;2.0;144.0;1.0;99.0;Athletic Club - Barcelona, 0 - 2
2516995;0.0;0.0;1.0;2.0;1.0;144.0;1.0;99.0;Borussia M'gladbach - Hertha BSC, 2 - 1
2516943;0.0;0.0;1.0;2.0;2.0;144.0;1.0;99.0;Augsburg - Stuttgart, 0 - 1
2516953;0.0;0.0;1.0;2.0;2.0;144.0;1.0;99.0;Hannover 96 - Borussia M'gladbach, 0 - 1
2516979;0.0;0.0;1.0;2.0;2.0;144.0;1.0;99.0;Augsburg - Werder Bremen, 1 - 3
2499810;0.0;0.0;1.0;2.0;1.0;144.0;1.0;99.0;Arsenal - Swansea City, 2 - 1
2500818;0.0;0.0;1.0;2.0;1.0;144.0;1.0;99.0;Olympique Marseille - Guingamp, 1 - 0
2516908;0.0;0.0;1.0;2.0;1.0;144.0;1.0;99.0;Mainz 05 - Stuttgart, 3 - 2
2576312;0.0;0.0;1.0;2.0;1.0;144.0;1.0;99.0;Chievo - Crotone, 2 - 1
2576109;0.0;0.0;1.0;2.0;0.0;144.0;1.0;99.0;Cagliari - Sampdoria, 2 - 2
2501056;0.0;0.0;1.0;2.0;0.0;144.0;1.0;99.0;Caen - PSG, 0 - 0
2576232;0.0;0.0;1.0;2.0;0.0;144.0;1.0;99.0;Cagliari - Lazio, 2 - 2
2516968;0.0;0.0;1.0;2.0;1.0;144.0;1.0;99.0;Werder Bremen - K\u00f6ln, 3 - 1
2500043;0.0;0.0;1.0;2.0;0.0;144.0;1.0;99.0;Everton - Liverpool, 0 - 0
2516969;0.0;0.0;1.0;2.0;1.0;144.0;1.0;99.0;Bayer Leverkusen - Borussia M'gladbach, 2 - 0
2500837;0.0;0.0;1.0;2.0;1.0;144.0;1.0;99.0;Dijon - Bordeaux, 3 - 2
2501054;0.0;0.0;1.0;2.0;2.0;144.0;1.0;99.0;PSG - Rennes, 0 - 2
2576054;0.0;0.0;1.0;2.0;2.0;144.0;1.0;99.0;Genoa - Napoli, 2 - 3
2565814;0.0;0.0;1.0;2.0;1.0;144.0;1.0;99.0;Sevilla - Athletic Club, 2 - 0
2565879;0.0;0.0;1.0;2.0;2.0;144.0;1.0;99.0;Athletic Club - Levante, 1 - 3
2565696;0.0;0.0;1.0;2.0;0.0;144.0;1.0;99.0;Getafe - Eibar, 0 - 0
2500820;0.0;0.0;1.0;2.0;2.0;144.0;1.0;99.0;Monaco - PSG, 1 - 2
2576307;0.0;0.0;1.0;2.0;2.0;144.0;1.0;99.0;Hellas Verona - SPAL, 1 - 3
2565834;0.0;0.0;1.0;2.0;0.0;144.0;1.0;99.0;Celta de Vigo - M\u00e1laga, 0 - 0
2500009;0.0;0.0;1.0;2.0;2.0;144.0;1.0;99.0;AFC Bournemouth - Tottenham Hotspur, 1 - 4
2500039;0.0;0.0;1.0;2.0;0.0;144.0;1.0;99.0;AFC Bournemouth - Crystal Palace, 2 - 2
2576274;0.0;0.0;1.0;2.0;0.0;144.0;1.0;99.0;Lazio - Roma, 0 - 0
2576243;0.0;0.0;1.0;2.0;2.0;144.0;1.0;99.0;Torino - Fiorentina, 1 - 2
2499904;0.0;0.0;1.0;2.0;1.0;144.0;1.0;99.0;Manchester City - AFC Bournemouth, 4 - 0
2576084;0.0;0.0;1.0;2.0;1.0;144.0;1.0;99.0;Roma - Lazio, 2 - 1
2576122;0.0;0.0;1.0;2.0;1.0;144.0;1.0;99.0;Crotone - Chievo, 1 - 0
2576154;0.0;0.0;1.0;2.0;2.0;144.0;1.0;99.0;Cagliari - Juventus, 0 - 1
2576167;0.0;0.0;1.0;2.0;0.0;144.0;1.0;99.0;Udinese - SPAL, 1 - 1
2500086;0.0;0.0;1.0;2.0;2.0;144.0;1.0;99.0;Stoke City - Crystal Palace, 1 - 2
2517033;0.0;0.0;1.0;2.0;2.0;144.0;1.0;99.0;Augsburg - Schalke 04, 1 - 2
2500798;0.0;0.0;1.0;2.0;2.0;144.0;1.0;99.0;Metz - Lille, 0 - 3
2500045;0.0;0.0;1.0;2.0;2.0;144.0;1.0;99.0;Manchester City - Manchester United, 2 - 3
2500792;0.0;0.0;1.0;2.0;2.0;144.0;1.0;99.0;Montpellier - Rennes, 0 - 1
2565690;1.0;5.3346991806418506e-30;0.0;0.0;2.0;144.0;2.0;99.0;Espanyol - Girona, 0 - 1
2499953;1.0;1.0484594098373978e-29;0.0;0.0;1.0;144.0;2.0;99.0;Leicester City - Watford, 2 - 0
2576316;1.0;4.283935500950287e-30;0.0;0.0;2.0;144.0;2.0;99.0;Cagliari - Roma, 0 - 1
2576107;1.0;2.558835663095953e-30;0.0;0.0;2.0;144.0;2.0;99.0;Sampdoria - Lazio, 1 - 2
2499950;1.0;2.8766250125074227e-30;0.0;0.0;2.0;144.0;2.0;99.0;Brighton & Hove Albion - Chelsea, 0 - 4
2516847;1.0;7.716594167837341e-30;0.0;0.0;0.0;144.0;2.0;99.0;Borussia Dortmund - Schalke 04, 4 - 4
2499993;1.0;3.635007700200314e-30;0.0;0.0;2.0;144.0;2.0;99.0;Crystal Palace - Tottenham Hotspur, 0 - 1
2500958;1.0;2.526690688617915e-30;0.0;0.0;1.0;144.0;2.0;99.0;Caen - Strasbourg, 2 - 0
2500802;1.0;2.772381609239214e-30;0.0;0.0;1.0;144.0;2.0;99.0;Nice - Dijon, 1 - 0
2499802;1.0;5.156149676153079e-30;0.0;0.0;1.0;144.0;2.0;99.0;Manchester City - Burnley, 3 - 0
2501055;1.0;1.1897290795971859e-29;0.0;0.0;1.0;144.0;2.0;99.0;Strasbourg - Olympique Lyonnais, 3 - 2
2499869;1.0;3.454999830400138e-30;0.0;0.0;1.0;144.0;2.0;99.0;Burnley - Watford, 1 - 0
2565797;1.0;5.535118522428801e-30;0.0;0.0;1.0;144.0;2.0;99.0;Celta de Vigo - Eibar, 2 - 0
2499989;1.0;7.471080981961887e-30;0.0;0.0;0.0;144.0;2.0;99.0;AFC Bournemouth - Newcastle United, 2 - 2
2500779;1.0;3.909326704281087e-30;0.0;0.0;2.0;144.0;2.0;99.0;Metz - Dijon, 1 - 2
2499804;1.0;7.676195530304666e-30;0.0;0.0;1.0;144.0;2.0;99.0;Southampton - West Bromwich Albion, 1 - 0
2565714;1.0;3.7576412894091715e-30;0.0;0.0;1.0;144.0;2.0;99.0;Eibar - Girona, 4 - 1
2516906;1.0;1.1597775587698724e-29;0.0;0.0;0.0;144.0;2.0;99.0;Schalke 04 - Hannover 96, 1 - 1
2500052;1.0;2.088014628642458e-30;0.0;0.0;1.0;144.0;2.0;99.0;Liverpool - AFC Bournemouth, 3 - 0
2576286;1.0;1.598788173841528e-30;0.0;0.0;0.0;144.0;2.0;99.0;Torino - Milan, 1 - 1
2516883;1.0;1.7097822248755488e-29;0.0;0.0;1.0;144.0;2.0;99.0;Borussia Dortmund - Hoffenheim, 2 - 1
2500872;1.0;7.512578001415971e-30;0.0;0.0;1.0;144.0;2.0;99.0;Metz - Strasbourg, 3 - 0
2576200;1.0;4.880627342015256e-30;0.0;0.0;1.0;144.0;2.0;99.0;Benevento - Crotone, 3 - 2
2517006;1.0;2.950824660959575e-30;0.0;0.0;1.0;144.0;2.0;99.0;Mainz 05 - Freiburg, 2 - 0
2500042;1.0;4.052546302877929e-30;0.0;0.0;0.0;144.0;2.0;99.0;Chelsea - West Ham United, 1 - 1
2516873;1.0;2.1963827945679283e-30;0.0;0.0;2.0;144.0;2.0;99.0;Stuttgart - Bayer Leverkusen, 0 - 2
2565772;1.0;6.369521276145302e-30;0.0;0.0;1.0;144.0;2.0;99.0;Real Madrid - Real Sociedad, 5 - 2
2500797;1.0;8.062525792402977e-30;0.0;0.0;1.0;144.0;2.0;99.0;Olympique Marseille - Caen, 5 - 0
2501064;1.0;2.987886587247781e-30;0.0;0.0;1.0;144.0;2.0;99.0;Toulouse - Guingamp, 2 - 1
2499957;1.0;3.7178042560575445e-30;0.0;0.0;1.0;144.0;2.0;99.0;Swansea City - Liverpool, 1 - 0
2500852;1.0;4.879957028116643e-30;0.0;0.0;1.0;144.0;2.0;99.0;Monaco - Troyes, 3 - 2
2500788;1.0;7.375764000675178e-30;0.0;0.0;1.0;144.0;2.0;99.0;Dijon - Nantes, 1 - 0
2499964;1.0;3.480424362615203e-30;0.0;0.0;0.0;144.0;2.0;99.0;Newcastle United - Burnley, 1 - 1
2500885;1.0;6.179583582385764e-30;0.0;0.0;2.0;144.0;2.0;99.0;Troyes - Bordeaux, 0 - 1
2500083;1.0;3.6539152917344205e-30;0.0;0.0;0.0;144.0;2.0;99.0;Everton - Southampton, 1 - 1
2565680;1.0;1.8272111764887956e-30;0.0;0.0;1.0;144.0;2.0;99.0;Atl\u00e9tico Madrid - Real Sociedad, 2 - 1
2565718;1.0;4.9762057532455876e-30;0.0;0.0;1.0;144.0;2.0;99.0;Barcelona - Levante, 3 - 0
2517027;1.0;2.749044378833017e-30;0.0;0.0;2.0;144.0;2.0;99.0;Borussia Dortmund - Mainz 05, 1 - 2
2516886;1.0;1.8727921830521e-29;0.0;0.0;0.0;144.0;2.0;99.0;Werder Bremen - Mainz 05, 2 - 2
2500978;1.0;3.1034989957189507e-30;0.0;0.0;2.0;144.0;2.0;99.0;Bordeaux - Rennes, 0 - 2
2499823;1.0;2.5547780446760107e-30;0.0;0.0;2.0;144.0;2.0;99.0;Newcastle United - AFC Bournemouth, 0 - 1
2576098;1.0;5.618424772636548e-30;0.0;0.0;2.0;144.0;2.0;99.0;Udinese - Napoli, 0 - 1
2565828;1.0;4.678922667685343e-30;0.0;0.0;2.0;144.0;2.0;99.0;Real Sociedad - Getafe, 1 - 2
2565804;1.0;2.1345971187768437e-30;0.0;0.0;0.0;144.0;2.0;99.0;Real Betis - Real Sociedad, 0 - 0
2516905;1.0;1.1925007636210575e-29;0.0;0.0;1.0;144.0;2.0;99.0;Borussia M'gladbach - Augsburg, 2 - 0
2565756;1.0;1.1640896105910616e-30;0.0;0.0;1.0;144.0;2.0;99.0;Legan\u00e9s - Espanyol, 3 - 2
2576237;1.0;9.954751210447052e-30;0.0;0.0;1.0;144.0;2.0;99.0;Roma - Torino, 3 - 0
2500975;1.0;2.478179259273604e-30;0.0;0.0;2.0;144.0;2.0;99.0;Toulouse - Olympique Marseille, 1 - 2
2565919;1.0;2.2432767436855078e-30;0.0;0.0;2.0;144.0;2.0;99.0;Athletic Club - Espanyol, 0 - 1
2565922;1.0;4.028870153940503e-30;0.0;0.0;1.0;144.0;2.0;99.0;Barcelona - Real Sociedad, 1 - 0
2500874;1.0;1.5478447689367783e-29;0.0;0.0;1.0;144.0;2.0;99.0;PSG - Caen, 3 - 1
2565865;1.0;3.7738164678346784e-30;0.0;0.0;2.0;144.0;2.0;99.0;Eibar - Deportivo Alav\u00e9s, 0 - 1
2501012;1.0;8.775218613351723e-31;0.0;0.0;1.0;144.0;2.0;99.0;PSG - Monaco, 7 - 1
2576287;1.0;4.049146585136255e-30;0.0;0.0;2.0;144.0;2.0;99.0;Hellas Verona - Sassuolo, 0 - 1
2565775;1.0;3.340305812155379e-30;0.0;0.0;1.0;144.0;2.0;99.0;Sevilla - Girona, 1 - 0
2499838;1.0;1.8203096140562478e-30;0.0;0.0;2.0;144.0;2.0;99.0;West Bromwich Albion - Chelsea, 0 - 4
2516975;1.0;8.182274812514465e-31;0.0;0.0;1.0;144.0;2.0;99.0;K\u00f6ln - Bayer Leverkusen, 2 - 0
2499924;1.0;1.4353281800037533e-29;0.0;0.0;0.0;144.0;2.0;99.0;Manchester United - Southampton, 0 - 0
2500800;1.0;1.3705554131999976e-30;0.0;0.0;0.0;144.0;2.0;99.0;Montpellier - Amiens SC, 1 - 1
2565695;1.0;8.835516583492407e-30;0.0;0.0;1.0;144.0;2.0;99.0;Real Madrid - Sevilla, 5 - 0
2565780;1.0;8.788857921324089e-30;0.0;0.0;2.0;144.0;2.0;99.0;Real Betis - Real Madrid, 3 - 5
2565763;1.0;2.316093446543805e-30;0.0;0.0;1.0;144.0;2.0;99.0;Real Betis - Villarreal, 2 - 1
2499885;1.0;2.5268255413298413e-30;0.0;0.0;2.0;144.0;2.0;99.0;Newcastle United - Everton, 0 - 1
2500028;1.0;2.461183679830771e-30;0.0;0.0;0.0;144.0;2.0;99.0;West Ham United - Manchester United, 0 - 0
2565906;1.0;1.8832004426162015e-30;0.0;0.0;2.0;144.0;2.0;99.0;M\u00e1laga - Deportivo Alav\u00e9s, 0 - 3
2500966;1.0;1.1210288263001011e-29;0.0;0.0;0.0;144.0;2.0;99.0;Bordeaux - Angers SCO, 0 - 0
2576226;1.0;2.922762996506011e-29;0.0;0.0;2.0;144.0;2.0;99.0;Napoli - Roma, 2 - 4
2565812;1.0;3.6985099739017916e-30;0.0;0.0;1.0;144.0;2.0;99.0;Real Madrid - Getafe, 3 - 1
2500974;1.0;1.2526265285413234e-30;0.0;0.0;2.0;144.0;2.0;99.0;Strasbourg - Monaco, 1 - 3
2576324;1.0;1.1757696233873857e-29;0.0;0.0;0.0;144.0;2.0;99.0;Atalanta - Milan, 1 - 1
2565702;1.0;3.076153987853286e-30;0.0;0.0;2.0;144.0;2.0;99.0;M\u00e1laga - Real Betis, 0 - 2
2499824;1.0;8.846916433667134e-30;0.0;0.0;2.0;144.0;2.0;99.0;Southampton - Burnley, 0 - 1
2499945;1.0;1.637551651712436e-30;0.0;0.0;0.0;144.0;2.0;99.0;Newcastle United - Swansea City, 1 - 1
2516912;1.0;1.1609638112449934e-29;0.0;0.0;0.0;144.0;2.0;99.0;RB Leipzig - Hamburger SV, 1 - 1
2565800;1.0;5.176804146332055e-30;0.0;0.0;1.0;144.0;2.0;99.0;Atl\u00e9tico Madrid - Legan\u00e9s, 4 - 0
2500062;1.0;4.826342824815187e-30;0.0;0.0;0.0;144.0;2.0;99.0;Chelsea - Huddersfield Town, 1 - 1
2500955;1.0;1.479754512572177e-30;0.0;0.0;0.0;144.0;2.0;99.0;Toulouse - Monaco, 3 - 3
2516991;1.0;3.6038042496775106e-30;0.0;0.0;1.0;144.0;2.0;99.0;Borussia Dortmund - Stuttgart, 3 - 0
2516954;1.0;2.0382769235913694e-30;0.0;0.0;1.0;144.0;2.0;99.0;Stuttgart - Eintracht Frankfurt, 1 - 0
2516840;1.0;1.767295383071451e-30;0.0;0.0;2.0;144.0;2.0;99.0;Hertha BSC - Borussia M'gladbach, 2 - 4
2500908;1.0;2.431693629873726e-30;0.0;0.0;1.0;144.0;2.0;99.0;Dijon - Rennes, 2 - 1
2516996;1.0;6.0694990066289974e-30;0.0;0.0;0.0;144.0;2.0;99.0;Eintracht Frankfurt - Hoffenheim, 1 - 1
2499903;1.0;3.315828822426625e-30;0.0;0.0;0.0;144.0;2.0;99.0;Leicester City - Manchester United, 2 - 2
2516878;1.0;1.1596359728263046e-29;0.0;0.0;1.0;144.0;2.0;99.0;Schalke 04 - Augsburg, 3 - 2
2501050;1.0;8.238686692370878e-30;0.0;0.0;1.0;144.0;2.0;99.0;Lille - Dijon, 2 - 1
2576124;1.0;3.221028306337893e-30;0.0;0.0;1.0;144.0;2.0;99.0;Hellas Verona - Milan, 3 - 0
2500934;1.0;1.939543673602527e-30;0.0;0.0;1.0;144.0;2.0;99.0;Strasbourg - Troyes, 2 - 1
2499954;1.0;1.9449903313790395e-29;0.0;0.0;1.0;144.0;2.0;99.0;Manchester City - Newcastle United, 3 - 1
2576057;1.0;4.4852124834155976e-30;0.0;0.0;1.0;144.0;2.0;99.0;Roma - Crotone, 1 - 0
2576315;1.0;1.1652942948176035e-29;0.0;0.0;2.0;144.0;2.0;99.0;Udinese - Internazionale, 0 - 4
2516984;1.0;1.0101139565655518e-30;0.0;0.0;0.0;144.0;2.0;99.0;Hertha BSC - Wolfsburg, 0 - 0
2565725;1.0;1.3188247280067507e-30;0.0;0.0;2.0;144.0;2.0;99.0;Sevilla - Real Betis, 3 - 5
2517024;1.0;6.827818875903781e-30;0.0;0.0;2.0;144.0;2.0;99.0;Bayer Leverkusen - Stuttgart, 0 - 1
2565883;1.0;7.048589128208551e-30;0.0;0.0;1.0;144.0;2.0;99.0;M\u00e1laga - Real Sociedad, 2 - 0
2500959;1.0;1.3885167976093756e-29;0.0;0.0;0.0;144.0;2.0;99.0;Olympique Marseille - Nantes, 1 - 1
2499807;1.0;3.251981762126119e-29;0.0;0.0;1.0;144.0;2.0;99.0;Tottenham Hotspur - Liverpool, 4 - 1
2500781;1.0;3.406083466761856e-30;0.0;0.0;1.0;144.0;2.0;99.0;Nantes - Guingamp, 2 - 1
2516881;1.0;2.5257077872615314e-30;0.0;0.0;2.0;144.0;2.0;99.0;Mainz 05 - Borussia Dortmund, 0 - 2
2565737;1.0;3.2311195021617364e-30;0.0;0.0;2.0;144.0;2.0;99.0;Real Sociedad - Barcelona, 2 - 4
2501036;1.0;6.385188264853062e-30;0.0;0.0;0.0;144.0;2.0;99.0;Amiens SC - PSG, 2 - 2
2576058;1.0;1.894411837536604e-30;0.0;0.0;2.0;144.0;2.0;99.0;Sassuolo - Udinese, 0 - 1
2500096;1.0;9.819951160667636e-30;0.0;0.0;2.0;144.0;2.0;99.0;Swansea City - Stoke City, 1 - 2
2516970;1.0;3.6944485938999266e-30;0.0;0.0;2.0;144.0;2.0;99.0;Mainz 05 - Schalke 04, 0 - 1
2576099;1.0;3.857066294313586e-30;0.0;0.0;0.0;144.0;2.0;99.0;Benevento - Milan, 2 - 2
2565689;1.0;3.670203693775799e-30;0.0;0.0;1.0;144.0;2.0;99.0;Deportivo Alav\u00e9s - Las Palmas, 2 - 0
2500886;1.0;1.8095093600399888e-30;0.0;0.0;0.0;144.0;2.0;99.0;Amiens SC - Montpellier, 1 - 1
2576061;1.0;8.139162757861899e-30;0.0;0.0;2.0;144.0;2.0;99.0;Hellas Verona - Internazionale, 1 - 2
2576145;1.0;9.765263025727268e-30;0.0;0.0;0.0;144.0;2.0;99.0;Internazionale - Lazio, 0 - 0
2500025;1.0;5.002776063314286e-30;0.0;0.0;2.0;144.0;2.0;99.0;Stoke City - Everton, 1 - 2
2576106;1.0;9.386147477756563e-30;0.0;0.0;1.0;144.0;2.0;99.0;Roma - SPAL, 3 - 1
2500919;1.0;6.97859887800692e-30;0.0;0.0;1.0;144.0;2.0;99.0;Olympique Marseille - Metz, 6 - 3
2565920;1.0;3.228063969165983e-30;0.0;0.0;1.0;144.0;2.0;99.0;Sevilla - Deportivo Alav\u00e9s, 1 - 0
2565657;1.0;3.838044726847224e-30;0.0;0.0;1.0;144.0;2.0;99.0;Real Madrid - Las Palmas, 3 - 0
2516971;1.0;2.0131715616024395e-29;0.0;0.0;2.0;144.0;2.0;99.0;Hannover 96 - Augsburg, 1 - 3
2500088;1.0;2.969207135657282e-30;0.0;0.0;1.0;144.0;2.0;99.0;West Bromwich Albion - Tottenham Hotspur, 1 - 0
2500090;1.0;8.287797153636368e-30;0.0;0.0;1.0;144.0;2.0;99.0;Crystal Palace - West Bromwich Albion, 2 - 0
2576115;1.0;1.6799131579239794e-29;0.0;0.0;0.0;144.0;2.0;99.0;Napoli - Fiorentina, 0 - 0
2576251;1.0;1.7763117068609022e-30;0.0;0.0;1.0;144.0;2.0;99.0;Internazionale - Hellas Verona, 3 - 0
2576155;1.0;7.628671704294141e-30;0.0;0.0;2.0;144.0;2.0;99.0;SPAL - Lazio, 2 - 5
2500840;1.0;6.089164556920514e-30;0.0;0.0;0.0;144.0;2.0;99.0;Montpellier - Olympique Marseille, 1 - 1
2499861;1.0;3.3986592325211586e-30;0.0;0.0;2.0;144.0;2.0;99.0;Brighton & Hove Albion - Liverpool, 1 - 5
2499936;1.0;4.6258234249490944e-30;0.0;0.0;2.0;144.0;2.0;99.0;Stoke City - Newcastle United, 0 - 1
2516923;1.0;4.151056114900567e-30;0.0;0.0;2.0;144.0;2.0;99.0;Schalke 04 - Werder Bremen, 1 - 2
2565738;1.0;4.0056995616134784e-30;0.0;0.0;1.0;144.0;2.0;99.0;Real Madrid - Deportivo La Coru\u00f1a, 7 - 1
2565688;1.0;5.274962250444927e-30;0.0;0.0;2.0;144.0;2.0;99.0;Real Sociedad - M\u00e1laga, 0 - 2
2576177;1.0;1.2228028638835602e-29;0.0;0.0;2.0;144.0;2.0;99.0;Roma - Sampdoria, 0 - 1
2576168;1.0;4.3777038389594486e-30;0.0;0.0;0.0;144.0;2.0;99.0;Sassuolo - Torino, 1 - 1
2499906;1.0;5.499507250209058e-30;0.0;0.0;1.0;144.0;2.0;99.0;Stoke City - West Bromwich Albion, 3 - 1
2576299;1.0;8.43219525584957e-30;0.0;0.0;1.0;144.0;2.0;99.0;Sampdoria - Cagliari, 4 - 1
2499983;1.0;7.058813860190648e-30;0.0;0.0;1.0;144.0;2.0;99.0;Newcastle United - Manchester United, 1 - 0
2500933;1.0;1.9310684533726464e-30;0.0;0.0;0.0;144.0;2.0;99.0;Saint-\u00c9tienne - Olympique Marseille, 2 - 2
2565739;1.0;2.6726088460860523e-30;0.0;0.0;0.0;144.0;2.0;99.0;Getafe - Athletic Club, 2 - 2
2500057;1.0;6.499313155752927e-30;0.0;0.0;2.0;144.0;2.0;99.0;Tottenham Hotspur - Manchester City, 1 - 3
2576239;1.0;6.879007987339717e-30;0.0;0.0;2.0;144.0;2.0;99.0;Hellas Verona - Atalanta, 0 - 5
2576049;1.0;7.435484379911642e-30;0.0;0.0;1.0;144.0;2.0;99.0;Atalanta - Hellas Verona, 3 - 0
2576151;1.0;1.1971041875779737e-29;0.0;0.0;1.0;144.0;2.0;99.0;Milan - Crotone, 1 - 0
2499816;1.0;4.9473976780911156e-30;0.0;0.0;1.0;144.0;2.0;99.0;Manchester United - Tottenham Hotspur, 1 - 0
2501052;1.0;5.652218072313083e-30;0.0;0.0;0.0;144.0;2.0;99.0;Montpellier - Troyes, 1 - 1
2500048;1.0;1.3258464729817266e-30;0.0;0.0;0.0;144.0;2.0;99.0;West Bromwich Albion - Swansea City, 1 - 1
2500935;1.0;3.839919123119271e-30;0.0;0.0;2.0;144.0;2.0;99.0;Toulouse - PSG, 0 - 1
2576247;1.0;1.665187617939816e-29;0.0;0.0;2.0;144.0;2.0;99.0;Crotone - Roma, 0 - 2
2516911;1.0;2.3897416470860997e-30;0.0;0.0;0.0;144.0;2.0;99.0;Borussia Dortmund - Freiburg, 2 - 2
2499833;1.0;7.081306615455214e-30;0.0;0.0;0.0;144.0;2.0;99.0;Crystal Palace - Everton, 2 - 2
2565675;1.0;5.016918106710611e-30;0.0;0.0;0.0;144.0;2.0;99.0;Real Sociedad - Las Palmas, 2 - 2
2500911;1.0;1.732736902400214e-29;0.0;0.0;0.0;144.0;2.0;99.0;Olympique Marseille - Monaco, 2 - 2
2499956;1.0;7.454569894270689e-30;0.0;0.0;1.0;144.0;2.0;99.0;Stoke City - Huddersfield Town, 2 - 0
2565750;1.0;6.843225939300687e-31;0.0;0.0;1.0;144.0;2.0;99.0;Celta de Vigo - Real Betis, 3 - 2
2500973;1.0;3.0814155005675667e-30;0.0;0.0;0.0;144.0;2.0;99.0;Rennes - Saint-\u00c9tienne, 1 - 1
2500904;1.0;3.99672442714608e-30;0.0;0.0;1.0;144.0;2.0;99.0;Strasbourg - Dijon, 3 - 2
2500901;1.0;7.292336627529523e-30;0.0;0.0;2.0;144.0;2.0;99.0;Nantes - Bordeaux, 0 - 1
2499882;1.0;2.6175187861172514e-30;0.0;0.0;0.0;144.0;2.0;99.0;West Ham United - Arsenal, 0 - 0
2576258;1.0;9.874042708715074e-30;0.0;0.0;1.0;144.0;2.0;99.0;Atalanta - Udinese, 2 - 0
2500862;1.0;3.2380788048767966e-30;0.0;0.0;2.0;144.0;2.0;99.0;Rennes - PSG, 1 - 4
2516848;1.0;1.1722495350241873e-29;0.0;0.0;1.0;144.0;2.0;99.0;RB Leipzig - Werder Bremen, 2 - 0
2499834;1.0;3.1569448682293694e-30;0.0;0.0;2.0;144.0;2.0;99.0;Leicester City - Manchester City, 0 - 2
2576179;1.0;1.0061112196258606e-29;0.0;0.0;1.0;144.0;2.0;99.0;Atalanta - Chievo, 1 - 0
2499874;1.0;3.1209749291733035e-30;0.0;0.0;2.0;144.0;2.0;99.0;Newcastle United - Leicester City, 2 - 3
2576073;1.0;9.536940269238239e-30;0.0;0.0;2.0;144.0;2.0;99.0;Fiorentina - Roma, 2 - 4
2499854;1.0;3.624871741551592e-30;0.0;0.0;0.0;144.0;2.0;99.0;West Bromwich Albion - Newcastle United, 2 - 2
2576148;1.0;3.11902304431365e-30;0.0;0.0;0.0;144.0;2.0;99.0;Torino - Genoa, 0 - 0
2517002;1.0;2.152356863587259e-30;0.0;0.0;1.0;144.0;2.0;99.0;Hertha BSC - K\u00f6ln, 2 - 1
2516885;1.0;1.0051017426931936e-30;0.0;0.0;1.0;144.0;2.0;99.0;K\u00f6ln - Wolfsburg, 1 - 0
2500087;1.0;8.343373021910477e-30;0.0;0.0;1.0;144.0;2.0;99.0;Watford - Newcastle United, 2 - 1
2565917;1.0;2.7771659652866086e-30;0.0;0.0;1.0;144.0;2.0;99.0;Levante - Barcelona, 5 - 4
2516988;1.0;6.825058627088954e-30;0.0;0.0;0.0;144.0;2.0;99.0;Mainz 05 - Borussia M'gladbach, 0 - 0
2576194;1.0;5.404216976154e-30;0.0;0.0;1.0;144.0;2.0;99.0;Sampdoria - Hellas Verona, 2 - 0
2499829;1.0;8.458484199590456e-30;0.0;0.0;1.0;144.0;2.0;99.0;AFC Bournemouth - Huddersfield Town, 4 - 0
2517009;1.0;3.8029506721418425e-30;0.0;0.0;1.0;144.0;2.0;99.0;Borussia Dortmund - Bayer Leverkusen, 4 - 0
2516916;1.0;4.103633851601954e-30;0.0;0.0;1.0;144.0;2.0;99.0;Bayer Leverkusen - Mainz 05, 2 - 0
2501060;1.0;2.1350532105849628e-30;0.0;0.0;2.0;144.0;2.0;99.0;Metz - Bordeaux, 0 - 4
2501014;1.0;4.6173606179395585e-30;0.0;0.0;2.0;144.0;2.0;99.0;Strasbourg - Saint-\u00c9tienne, 0 - 1
2500005;1.0;2.7897802421850566e-30;0.0;0.0;0.0;144.0;2.0;99.0;Southampton - Stoke City, 0 - 0
2500961;1.0;1.3455341225670386e-30;0.0;0.0;1.0;144.0;2.0;99.0;Monaco - Bordeaux, 2 - 1
2499845;1.0;3.9962974875978614e-30;0.0;0.0;1.0;144.0;2.0;99.0;Southampton - Everton, 4 - 1
2576273;1.0;7.745732133726428e-30;0.0;0.0;0.0;144.0;2.0;99.0;Milan - Napoli, 0 - 0
2516867;1.0;8.346683966318777e-30;0.0;0.0;2.0;144.0;2.0;99.0;K\u00f6ln - Freiburg, 3 - 4
2565679;1.0;2.4044088073188237e-30;0.0;0.0;0.0;144.0;2.0;99.0;M\u00e1laga - Levante, 0 - 0
2500894;1.0;3.325444855222001e-29;0.0;0.0;1.0;144.0;2.0;99.0;PSG - Dijon, 8 - 0
2500870;1.0;1.1714487694644975e-30;0.0;0.0;0.0;144.0;2.0;99.0;Lille - Nice, 1 - 1
2517040;1.0;3.94076939141417e-30;0.0;0.0;1.0;144.0;2.0;99.0;Schalke 04 - Eintracht Frankfurt, 1 - 0
2501057;1.0;5.7061181558406594e-30;0.0;0.0;0.0;144.0;2.0;99.0;Dijon - Angers SCO, 2 - 1
2576146;1.0;1.7983280577749672e-29;0.0;0.0;0.0;144.0;2.0;99.0;Roma - Sassuolo, 1 - 1
2499955;1.0;2.0400815425187517e-30;0.0;0.0;0.0;144.0;2.0;99.0;Southampton - Tottenham Hotspur, 1 - 1
2517029;1.0;1.7264351994368683e-30;0.0;0.0;2.0;144.0;2.0;99.0;K\u00f6ln - Bayern M\u00fcnchen, 1 - 3
2516936;1.0;1.0446427583554192e-29;0.0;0.0;1.0;144.0;2.0;99.0;Stuttgart - Borussia M'gladbach, 1 - 0
2500954;1.0;4.733390373925044e-30;0.0;0.0;0.0;144.0;2.0;99.0;Strasbourg - Montpellier, 0 - 0
2576238;1.0;6.410032761135657e-30;0.0;0.0;1.0;144.0;2.0;99.0;Juventus - Udinese, 2 - 0
2565754;1.0;4.0339144352987514e-30;0.0;0.0;1.0;144.0;2.0;99.0;Barcelona - Deportivo Alav\u00e9s, 2 - 1
2517043;1.0;1.200515716686885e-29;0.0;0.0;2.0;144.0;2.0;99.0;Mainz 05 - Werder Bremen, 1 - 2
2499820;1.0;4.1413444626927174e-30;0.0;0.0;1.0;144.0;2.0;99.0;Everton - Watford, 3 - 2
2516894;1.0;1.65978974788084e-30;0.0;0.0;1.0;144.0;2.0;99.0;K\u00f6ln - Borussia M'gladbach, 2 - 1
2500876;1.0;5.615510675121085e-30;0.0;0.0;2.0;144.0;2.0;99.0;Caen - Lille, 0 - 1
2565706;1.0;7.192217610760383e-30;0.0;0.0;1.0;144.0;2.0;99.0;Girona - Getafe, 1 - 0
2565864;1.0;1.4862376930553802e-30;0.0;0.0;2.0;144.0;2.0;99.0;Girona - Real Betis, 0 - 1
2499850;1.0;5.469881030986414e-30;0.0;0.0;1.0;144.0;2.0;99.0;Arsenal - Huddersfield Town, 5 - 0
2500784;1.0;1.631042986511707e-30;0.0;0.0;2.0;144.0;2.0;99.0;Saint-\u00c9tienne - Montpellier, 0 - 1
2565730;1.0;8.080691976140133e-30;0.0;0.0;0.0;144.0;2.0;99.0;Espanyol - Athletic Club, 1 - 1
2576176;1.0;1.206428697774346e-29;0.0;0.0;1.0;144.0;2.0;99.0;Milan - Lazio, 2 - 1
2500038;1.0;2.34966067514679e-30;0.0;0.0;2.0;144.0;2.0;99.0;West Bromwich Albion - Burnley, 1 - 2
2500921;1.0;5.688123500239176e-30;0.0;0.0;1.0;144.0;2.0;99.0;Montpellier - Angers SCO, 2 - 1
2516890;1.0;2.8047618706665126e-30;0.0;0.0;0.0;144.0;2.0;99.0;Hannover 96 - Bayer Leverkusen, 4 - 4
2499970;1.0;2.5129832960127503e-30;0.0;0.0;1.0;144.0;2.0;99.0;Arsenal - Everton, 5 - 1
2501044;1.0;4.409682927674699e-30;0.0;0.0;2.0;144.0;2.0;99.0;Saint-\u00c9tienne - Bordeaux, 1 - 3
2565685;1.0;3.4093590523000834e-30;0.0;0.0;1.0;144.0;2.0;99.0;Legan\u00e9s - Villarreal, 3 - 1
2565700;1.0;2.9740134969589243e-30;0.0;0.0;0.0;144.0;2.0;99.0;Athletic Club - Real Sociedad, 0 - 0
2565829;1.0;2.8840526321718505e-30;0.0;0.0;1.0;144.0;2.0;99.0;Levante - Eibar, 2 - 1
2565721;1.0;2.846670783341125e-30;0.0;0.0;1.0;144.0;2.0;99.0;Legan\u00e9s - Real Sociedad, 1 - 0
2576096;1.0;1.137354091844321e-29;0.0;0.0;0.0;144.0;2.0;99.0;Milan - Torino, 0 - 0
2565697;1.0;1.771372185559199e-30;0.0;0.0;2.0;144.0;2.0;99.0;Real Betis - Atl\u00e9tico Madrid, 0 - 1
2500906;1.0;6.1592499751447884e-30;0.0;0.0;1.0;144.0;2.0;99.0;Angers SCO - Amiens SC, 1 - 0
2565792;1.0;1.7586870028415093e-30;0.0;0.0;0.0;144.0;2.0;99.0;Legan\u00e9s - Las Palmas, 0 - 0
2500027;1.0;5.953012594598104e-30;0.0;0.0;1.0;144.0;2.0;99.0;Tottenham Hotspur - Newcastle United, 1 - 0
2500794;1.0;1.060510766001124e-29;0.0;0.0;0.0;144.0;2.0;99.0;Strasbourg - Angers SCO, 2 - 2
2565784;1.0;3.0232452692414192e-30;0.0;0.0;2.0;144.0;2.0;99.0;Las Palmas - Sevilla, 1 - 2
2576031;1.0;3.235806809395527e-30;0.0;0.0;0.0;144.0;2.0;99.0;Crotone - Torino, 2 - 2
2576268;1.0;2.307179362551011e-29;0.0;0.0;0.0;144.0;2.0;99.0;Milan - Sassuolo, 1 - 1
2576119;1.0;4.37149610031253e-30;0.0;0.0;0.0;144.0;2.0;99.0;Atalanta - Lazio, 3 - 3
2501046;1.0;3.263525154267013e-30;0.0;0.0;1.0;144.0;2.0;99.0;Amiens SC - Metz, 2 - 0
2516907;1.0;3.830994393849636e-30;0.0;0.0;2.0;144.0;2.0;99.0;Hamburger SV - K\u00f6ln, 0 - 2
2565831;1.0;1.9459763548484188e-30;0.0;0.0;1.0;144.0;2.0;99.0;Legan\u00e9s - Sevilla, 2 - 1
2576123;0.0;1.0;0.0;1.0;0.0;144.0;3.0;99.0;Fiorentina - Genoa, 0 - 0
2516963;0.0;1.0;0.0;1.0;2.0;144.0;3.0;99.0;Wolfsburg - Bayer Leverkusen, 1 - 2
2516814;0.0;1.0;0.0;1.0;2.0;144.0;3.0;99.0;Borussia M'gladbach - Bayer Leverkusen, 1 - 5
2500850;0.0;1.0;0.0;1.0;1.0;144.0;3.0;99.0;Olympique Marseille - Saint-\u00c9tienne, 3 - 0
2576159;0.0;1.0;0.0;1.0;1.0;144.0;3.0;99.0;Bologna - Benevento, 3 - 0
2500078;0.0;1.0;0.0;1.0;2.0;144.0;3.0;99.0;West Ham United - Manchester City, 1 - 4
2565766;0.0;1.0;0.0;1.0;0.0;144.0;3.0;99.0;Levante - Real Madrid, 2 - 2
2499821;0.0;1.0;0.0;1.0;1.0;144.0;3.0;99.0;Huddersfield Town - West Bromwich Albion, 1 - 0
2500946;0.0;1.0;0.0;1.0;0.0;144.0;3.0;99.0;Bordeaux - Nice, 0 - 0
2576252;0.0;1.0;0.0;1.0;1.0;144.0;3.0;99.0;Juventus - Milan, 3 - 1
2576331;0.0;1.0;0.0;1.0;1.0;144.0;3.0;99.0;Udinese - Bologna, 1 - 0
2500801;0.0;1.0;0.0;1.0;1.0;144.0;3.0;99.0;Nantes - Toulouse, 2 - 1
2500982;0.0;1.0;0.0;1.0;0.0;144.0;3.0;99.0;Montpellier - Dijon, 2 - 2
2516827;0.0;1.0;0.0;1.0;1.0;144.0;3.0;99.0;Hannover 96 - Borussia Dortmund, 4 - 2
2516851;0.0;1.0;0.0;1.0;1.0;144.0;3.0;99.0;Borussia M'gladbach - Bayern M\u00fcnchen, 2 - 1
2576306;0.0;1.0;0.0;1.0;1.0;144.0;3.0;99.0;Crotone - Sassuolo, 4 - 1
2516914;0.0;1.0;0.0;1.0;0.0;144.0;3.0;99.0;Werder Bremen - Hertha BSC, 0 - 0
2517030;0.0;1.0;0.0;1.0;0.0;144.0;3.0;99.0;Werder Bremen - Bayer Leverkusen, 0 - 0
2516932;0.0;1.0;0.0;1.0;1.0;144.0;3.0;99.0;Werder Bremen - Wolfsburg, 3 - 1
2516825;0.0;1.0;0.0;1.0;1.0;144.0;3.0;99.0;Bayer Leverkusen - K\u00f6ln, 2 - 1
2500890;0.0;1.0;0.0;1.0;2.0;144.0;3.0;99.0;Lille - Rennes, 1 - 2
2576246;0.0;1.0;0.0;1.0;0.0;144.0;3.0;99.0;SPAL - Juventus, 0 - 0
2499934;0.0;1.0;0.0;1.0;1.0;144.0;3.0;99.0;Manchester City - Watford, 3 - 1
2516879;0.0;1.0;0.0;1.0;1.0;144.0;3.0;99.0;Bayer Leverkusen - Werder Bremen, 1 - 0
2565744;0.0;1.0;0.0;1.0;1.0;144.0;3.0;99.0;Las Palmas - Valencia, 2 - 1
2576060;0.0;1.0;0.0;1.0;1.0;144.0;3.0;99.0;Crotone - Fiorentina, 2 - 1
2516964;0.0;1.0;0.0;1.0;1.0;144.0;3.0;99.0;Bayern M\u00fcnchen - Hamburger SV, 6 - 0
2500061;0.0;1.0;0.0;1.0;0.0;144.0;3.0;99.0;Brighton & Hove Albion - Tottenham Hotspur, 1 - 1
2516959;0.0;1.0;0.0;1.0;1.0;144.0;3.0;99.0;Schalke 04 - Hertha BSC, 1 - 0
2565743;0.0;1.0;0.0;1.0;0.0;144.0;3.0;99.0;Atl\u00e9tico Madrid - Girona, 1 - 1
2500863;0.0;1.0;0.0;1.0;2.0;144.0;3.0;99.0;Saint-\u00c9tienne - Monaco, 0 - 4
2565667;0.0;1.0;0.0;1.0;1.0;144.0;3.0;99.0;Getafe - Deportivo Alav\u00e9s, 4 - 1
2565821;0.0;1.0;0.0;1.0;2.0;144.0;3.0;99.0;Las Palmas - Villarreal, 0 - 2
2500993;0.0;1.0;0.0;1.0;0.0;144.0;3.0;99.0;Rennes - Monaco, 1 - 1
2576248;0.0;1.0;0.0;1.0;2.0;144.0;3.0;99.0;Udinese - Sassuolo, 1 - 2
2576282;0.0;1.0;0.0;1.0;0.0;144.0;3.0;99.0;SPAL - Chievo, 0 - 0
2500829;0.0;1.0;0.0;1.0;0.0;144.0;3.0;99.0;Guingamp - Montpellier, 0 - 0
2500928;0.0;1.0;0.0;1.0;1.0;144.0;3.0;99.0;Dijon - Nice, 3 - 2
2565811;0.0;1.0;0.0;1.0;1.0;144.0;3.0;99.0;Valencia - Real Betis, 2 - 0
2500050;0.0;1.0;0.0;1.0;1.0;144.0;3.0;99.0;Crystal Palace - Brighton & Hove Albion, 3 - 2
2499947;0.0;1.0;0.0;1.0;0.0;144.0;3.0;99.0;Watford - Southampton, 2 - 2
2499905;0.0;1.0;0.0;1.0;0.0;144.0;3.0;99.0;Southampton - Huddersfield Town, 1 - 1
2576040;0.0;1.0;0.0;1.0;2.0;144.0;3.0;99.0;Benevento - Fiorentina, 0 - 3
2576170;0.0;1.0;0.0;1.0;1.0;144.0;3.0;99.0;Torino - Benevento, 3 - 0
2500072;0.0;1.0;0.0;1.0;0.0;144.0;3.0;99.0;Liverpool - Stoke City, 0 - 0
2499805;0.0;1.0;0.0;1.0;2.0;144.0;3.0;99.0;Stoke City - AFC Bournemouth, 1 - 2
2565670;0.0;1.0;0.0;1.0;2.0;144.0;3.0;99.0;Villarreal - Sevilla, 2 - 3
2500851;0.0;1.0;0.0;1.0;0.0;144.0;3.0;99.0;Metz - Rennes, 1 - 1
2576228;0.0;1.0;0.0;1.0;0.0;144.0;3.0;99.0;Chievo - Sassuolo, 1 - 1
2501047;0.0;1.0;0.0;1.0;0.0;144.0;3.0;99.0;Angers SCO - Nantes, 0 - 2
2576070;0.0;1.0;0.0;1.0;2.0;144.0;3.0;99.0;Bologna - Crotone, 2 - 3
2576229;0.0;1.0;0.0;1.0;2.0;144.0;3.0;99.0;Bologna - Atalanta, 0 - 1
2500044;0.0;1.0;0.0;1.0;2.0;144.0;3.0;99.0;Leicester City - Newcastle United, 1 - 2
2500962;0.0;1.0;0.0;1.0;0.0;144.0;3.0;99.0;Montpellier - Olympique Lyonnais, 1 - 1
2500012;0.0;1.0;0.0;1.0;0.0;144.0;3.0;99.0;Everton - Brighton & Hove Albion, 2 - 0
2576203;0.0;1.0;0.0;1.0;1.0;144.0;3.0;99.0;Genoa - Internazionale, 2 - 0
2499876;0.0;1.0;0.0;1.0;1.0;144.0;3.0;99.0;Swansea City - West Bromwich Albion, 1 - 0
2499971;0.0;1.0;0.0;1.0;1.0;144.0;3.0;99.0;Brighton & Hove Albion - West Ham United, 3 - 1
2499884;0.0;1.0;0.0;1.0;1.0;144.0;3.0;99.0;Manchester United - AFC Bournemouth, 1 - 0
2565703;0.0;1.0;0.0;1.0;1.0;144.0;3.0;99.0;Atl\u00e9tico Madrid - Deportivo Alav\u00e9s, 1 - 0
2565672;0.0;1.0;0.0;1.0;0.0;144.0;3.0;99.0;Valencia - Barcelona, 1 - 1
2565806;0.0;1.0;0.0;1.0;2.0;144.0;3.0;99.0;M\u00e1laga - Sevilla, 0 - 1
2501018;0.0;1.0;0.0;1.0;2.0;144.0;3.0;99.0;Dijon - Olympique Lyonnais, 2 - 5
2565641;0.0;1.0;0.0;1.0;1.0;144.0;3.0;99.0;Espanyol - Real Betis, 1 - 0
2565707;0.0;1.0;0.0;1.0;2.0;144.0;3.0;99.0;Legan\u00e9s - Real Madrid, 1 - 3
2500925;0.0;1.0;0.0;1.0;0.0;144.0;3.0;99.0;Troyes - Dijon, 0 - 0
2565677;0.0;1.0;0.0;1.0;2.0;144.0;3.0;99.0;Deportivo Alav\u00e9s - Eibar, 1 - 2
2576336;0.0;1.0;0.0;1.0;2.0;144.0;3.0;99.0;Sassuolo - Roma, 0 - 1
2565911;0.0;1.0;0.0;1.0;2.0;144.0;3.0;99.0;Deportivo La Coru\u00f1a - Villarreal, 2 - 4
2499799;0.0;1.0;0.0;1.0;1.0;144.0;3.0;99.0;Chelsea - Watford, 4 - 2
2500819;0.0;1.0;0.0;1.0;2.0;144.0;3.0;99.0;Metz - Amiens SC, 0 - 2
2576140;0.0;1.0;0.0;1.0;1.0;144.0;3.0;99.0;Benevento - Chievo, 1 - 0
2565819;0.0;1.0;0.0;1.0;2.0;144.0;3.0;99.0;Sevilla - Valencia, 0 - 2
2500999;0.0;1.0;0.0;1.0;1.0;144.0;3.0;99.0;Guingamp - Troyes, 4 - 0
2516994;0.0;1.0;0.0;1.0;2.0;144.0;3.0;99.0;Freiburg - Wolfsburg, 0 - 2
2501024;0.0;1.0;0.0;1.0;1.0;144.0;3.0;99.0;Saint-\u00c9tienne - Troyes, 2 - 1
2516858;0.0;1.0;0.0;1.0;2.0;144.0;3.0;99.0;Hertha BSC - Eintracht Frankfurt, 1 - 2
2517019;0.0;1.0;0.0;1.0;1.0;144.0;3.0;99.0;Hoffenheim - Hannover 96, 3 - 1
2576206;0.0;1.0;0.0;1.0;1.0;144.0;3.0;99.0;Milan - Sampdoria, 1 - 0
2500869;0.0;1.0;0.0;1.0;1.0;144.0;3.0;99.0;Guingamp - Saint-\u00c9tienne, 2 - 1
2499930;0.0;1.0;0.0;1.0;0.0;144.0;3.0;99.0;Brighton & Hove Albion - AFC Bournemouth, 2 - 2
2576164;0.0;1.0;0.0;1.0;2.0;144.0;3.0;99.0;Cagliari - Milan, 1 - 2
2565798;0.0;1.0;0.0;1.0;1.0;144.0;3.0;99.0;Deportivo Alav\u00e9s - Levante, 1 - 0
2499842;0.0;1.0;0.0;1.0;0.0;144.0;3.0;99.0;Liverpool - Chelsea, 1 - 1
2565835;0.0;1.0;0.0;1.0;1.0;144.0;3.0;99.0;Valencia - Deportivo Alav\u00e9s, 3 - 1
2576195;0.0;1.0;0.0;1.0;2.0;144.0;3.0;99.0;Fiorentina - Juventus, 0 - 2
2499984;0.0;1.0;0.0;1.0;2.0;144.0;3.0;99.0;Southampton - Liverpool, 0 - 2
2500832;0.0;1.0;0.0;1.0;1.0;144.0;3.0;99.0;Nantes - Monaco, 1 - 0
2576266;0.0;1.0;0.0;1.0;2.0;144.0;3.0;99.0;Benevento - Juventus, 2 - 4
2499809;0.0;1.0;0.0;1.0;2.0;144.0;3.0;99.0;AFC Bournemouth - Chelsea, 0 - 1
2576175;0.0;1.0;0.0;1.0;2.0;144.0;3.0;99.0;Chievo - Juventus, 0 - 2
2576322;0.0;1.0;0.0;1.0;0.0;144.0;3.0;99.0;Roma - Juventus, 0 - 0
2501038;0.0;1.0;0.0;1.0;1.0;144.0;3.0;99.0;Dijon - Guingamp, 3 - 1
2500055;0.0;1.0;0.0;1.0;2.0;144.0;3.0;99.0;Southampton - Chelsea, 2 - 3
2499853;0.0;1.0;0.0;1.0;2.0;144.0;3.0;99.0;Watford - Manchester United, 2 - 4
2516980;0.0;1.0;0.0;1.0;2.0;144.0;3.0;99.0;Hamburger SV - Hertha BSC, 1 - 2
2565886;0.0;1.0;0.0;1.0;0.0;144.0;3.0;99.0;Atl\u00e9tico Madrid - Real Betis, 0 - 0
2517004;0.0;1.0;0.0;1.0;1.0;144.0;3.0;99.0;Schalke 04 - Borussia Dortmund, 2 - 0
2565823;0.0;1.0;0.0;1.0;1.0;144.0;3.0;99.0;Espanyol - Real Sociedad, 2 - 1
2565720;0.0;1.0;0.0;1.0;0.0;144.0;3.0;99.0;Villarreal - Deportivo La Coru\u00f1a, 1 - 1
2516870;0.0;1.0;0.0;1.0;0.0;144.0;3.0;99.0;Augsburg - Hertha BSC, 1 - 1
2516843;0.0;1.0;0.0;1.0;0.0;144.0;3.0;99.0;Bayer Leverkusen - RB Leipzig, 2 - 2
2516829;0.0;1.0;0.0;1.0;2.0;144.0;3.0;99.0;Borussia Dortmund - Bayern M\u00fcnchen, 1 - 3
2500942;0.0;1.0;0.0;1.0;0.0;144.0;3.0;99.0;Montpellier - Guingamp, 1 - 1
2576327;0.0;1.0;0.0;1.0;1.0;144.0;3.0;99.0;Torino - SPAL, 2 - 1
2576068;0.0;1.0;0.0;1.0;1.0;144.0;3.0;99.0;Udinese - Atalanta, 2 - 1
2516852;0.0;1.0;0.0;1.0;2.0;144.0;3.0;99.0;Eintracht Frankfurt - Bayer Leverkusen, 0 - 1
2576064;0.0;1.0;0.0;1.0;1.0;144.0;3.0;99.0;Roma - Bologna, 1 - 0
2499997;0.0;1.0;0.0;1.0;0.0;144.0;3.0;99.0;Watford - Everton, 1 - 0
2576323;0.0;1.0;0.0;1.0;0.0;144.0;3.0;99.0;Crotone - Lazio, 2 - 2
2500098;0.0;1.0;0.0;1.0;1.0;144.0;3.0;99.0;West Ham United - Everton, 3 - 1
2500922;0.0;1.0;0.0;1.0;2.0;144.0;3.0;99.0;Nice - Toulouse, 0 - 1
2565876;0.0;1.0;0.0;1.0;0.0;144.0;3.0;99.0;Real Madrid - Athletic Club, 1 - 1
2499929;0.0;1.0;0.0;1.0;0.0;144.0;3.0;99.0;Arsenal - Chelsea, 2 - 2
2516831;0.0;1.0;0.0;1.0;2.0;144.0;3.0;99.0;K\u00f6ln - Hoffenheim, 0 - 3
2501027;0.0;1.0;0.0;1.0;1.0;144.0;3.0;99.0;Bordeaux - Dijon, 3 - 1
2500931;0.0;1.0;0.0;1.0;2.0;144.0;3.0;99.0;Metz - Montpellier, 0 - 1
2500013;0.0;1.0;0.0;1.0;0.0;144.0;3.0;99.0;Huddersfield Town - Swansea City, 0 - 0
2565661;0.0;1.0;0.0;1.0;1.0;144.0;3.0;99.0;Sevilla - Celta de Vigo, 2 - 1
2576136;0.0;1.0;0.0;1.0;1.0;144.0;3.0;99.0;Sassuolo - Internazionale, 1 - 0
2565833;0.0;1.0;0.0;1.0;0.0;144.0;3.0;99.0;Deportivo La Coru\u00f1a - Las Palmas, 1 - 1
2500008;0.0;1.0;0.0;1.0;1.0;144.0;3.0;99.0;Watford - West Bromwich Albion, 1 - 0
2576321;0.0;1.0;0.0;1.0;1.0;144.0;3.0;99.0;Benevento - Genoa, 1 - 0
2565783;0.0;1.0;0.0;1.0;1.0;144.0;3.0;99.0;Real Sociedad - Levante, 3 - 0
2499871;0.0;1.0;0.0;1.0;1.0;144.0;3.0;99.0;Huddersfield Town - Brighton & Hove Albion, 2 - 0
2565853;0.0;1.0;0.0;1.0;1.0;144.0;3.0;99.0;Real Betis - Eibar, 2 - 0
2565755;0.0;1.0;0.0;1.0;1.0;144.0;3.0;99.0;Atl\u00e9tico Madrid - Las Palmas, 3 - 0
2499938;0.0;1.0;0.0;1.0;1.0;144.0;3.0;99.0;West Ham United - West Bromwich Albion, 2 - 1
2516950;0.0;1.0;0.0;1.0;1.0;144.0;3.0;99.0;Werder Bremen - Hamburger SV, 1 - 0
2500065;0.0;1.0;0.0;1.0;1.0;144.0;3.0;99.0;Manchester City - Swansea City, 5 - 0
2499976;0.0;1.0;0.0;1.0;1.0;144.0;3.0;99.0;Manchester United - Huddersfield Town, 2 - 0
2565891;0.0;1.0;0.0;1.0;1.0;144.0;3.0;99.0;Real Madrid - Legan\u00e9s, 2 - 1
2565628;0.0;1.0;0.0;1.0;0.0;144.0;3.0;99.0;Levante - Getafe, 1 - 1
2576275;0.0;1.0;0.0;1.0;1.0;144.0;3.0;99.0;Juventus - Sampdoria, 3 - 0
2516948;0.0;1.0;0.0;1.0;2.0;144.0;3.0;99.0;RB Leipzig - K\u00f6ln, 1 - 2
2565793;0.0;1.0;0.0;1.0;1.0;144.0;3.0;99.0;Villarreal - Getafe, 1 - 0
2576186;0.0;1.0;0.0;1.0;1.0;144.0;3.0;99.0;Juventus - Sassuolo, 7 - 0
2576303;0.0;1.0;0.0;1.0;2.0;144.0;3.0;99.0;Torino - Lazio, 0 - 1
2565710;0.0;1.0;0.0;1.0;2.0;144.0;3.0;99.0;Valencia - Villarreal, 0 - 1
2576281;0.0;1.0;0.0;1.0;1.0;144.0;3.0;99.0;Internazionale - Cagliari, 4 - 0
2500080;0.0;1.0;0.0;1.0;1.0;144.0;3.0;99.0;Arsenal - Burnley, 5 - 0
2516939;0.0;1.0;0.0;1.0;1.0;144.0;3.0;99.0;Freiburg - Werder Bremen, 1 - 0
2565732;0.0;1.0;0.0;1.0;2.0;144.0;3.0;99.0;Deportivo La Coru\u00f1a - Valencia, 1 - 2
2516861;0.0;1.0;0.0;1.0;0.0;144.0;3.0;99.0;Schalke 04 - K\u00f6ln, 2 - 2
2565810;0.0;1.0;0.0;1.0;0.0;144.0;3.0;99.0;Deportivo La Coru\u00f1a - Eibar, 1 - 1
2565885;0.0;1.0;0.0;1.0;2.0;144.0;3.0;99.0;Las Palmas - Deportivo Alav\u00e9s, 0 - 4
2565851;0.0;1.0;0.0;1.0;1.0;144.0;3.0;99.0;Valencia - Espanyol, 1 - 0
2565875;0.0;1.0;0.0;1.0;2.0;144.0;3.0;99.0;Valencia - Getafe, 1 - 2
2500034;0.0;1.0;0.0;1.0;1.0;144.0;3.0;99.0;Manchester United - Swansea City, 2 - 0
2576085;0.0;1.0;0.0;1.0;1.0;144.0;3.0;99.0;Sampdoria - Juventus, 3 - 2
2499843;0.0;1.0;0.0;1.0;1.0;144.0;3.0;99.0;Manchester United - Brighton & Hove Albion, 1 - 0
2565729;0.0;1.0;0.0;1.0;1.0;144.0;3.0;99.0;Deportivo Alav\u00e9s - Sevilla, 1 - 0
2499879;0.0;1.0;0.0;1.0;1.0;144.0;3.0;99.0;Burnley - Stoke City, 1 - 0
2576137;0.0;1.0;0.0;1.0;0.0;144.0;3.0;99.0;SPAL - Torino, 2 - 2
2500076;0.0;1.0;0.0;1.0;2.0;144.0;3.0;99.0;Swansea City - Chelsea, 0 - 1
2500825;0.0;1.0;0.0;1.0;1.0;144.0;3.0;99.0;Troyes - Angers SCO, 3 - 0
2516828;0.0;1.0;0.0;1.0;1.0;144.0;3.0;99.0;Stuttgart - Freiburg, 3 - 0
2576069;0.0;1.0;0.0;1.0;0.0;144.0;3.0;99.0;Atalanta - SPAL, 1 - 1
2565904;0.0;1.0;0.0;1.0;2.0;144.0;3.0;99.0;Girona - Eibar, 1 - 4
2576334;0.0;1.0;0.0;1.0;1.0;144.0;3.0;99.0;Juventus - Hellas Verona, 2 - 1
2499968;0.0;1.0;0.0;1.0;1.0;144.0;3.0;99.0;Tottenham Hotspur - Manchester United, 2 - 0
2576308;0.0;1.0;0.0;1.0;0.0;144.0;3.0;99.0;Benevento - Udinese, 3 - 3
2565713;0.0;1.0;0.0;1.0;2.0;144.0;3.0;99.0;Real Betis - Athletic Club, 0 - 2
2565666;0.0;1.0;0.0;1.0;0.0;144.0;3.0;99.0;Girona - Real Sociedad, 1 - 1
2500085;0.0;1.0;0.0;1.0;0.0;144.0;3.0;99.0;Manchester City - Huddersfield Town, 0 - 0
2500066;0.0;1.0;0.0;1.0;0.0;144.0;3.0;99.0;Stoke City - Burnley, 1 - 1
2516888;0.0;1.0;0.0;1.0;0.0;144.0;3.0;99.0;Eintracht Frankfurt - Schalke 04, 2 - 2
2499839;0.0;1.0;0.0;1.0;2.0;144.0;3.0;99.0;Burnley - Arsenal, 0 - 1
2576089;0.0;1.0;0.0;1.0;1.0;144.0;3.0;99.0;Atalanta - Benevento, 1 - 0
2500796;0.0;1.0;0.0;1.0;2.0;144.0;3.0;99.0;Angers SCO - PSG, 0 - 5
2576101;0.0;1.0;0.0;1.0;2.0;144.0;3.0;99.0;Crotone - Udinese, 0 - 3
2565897;0.0;1.0;0.0;1.0;0.0;144.0;3.0;99.0;Espanyol - Las Palmas, 1 - 1
2500881;0.0;1.0;0.0;1.0;1.0;144.0;3.0;99.0;Nice - Amiens SC, 1 - 0
2516977;0.0;1.0;0.0;1.0;0.0;144.0;3.0;99.0;Borussia M'gladbach - Hoffenheim, 3 - 3
2516926;0.0;1.0;0.0;1.0;2.0;144.0;3.0;99.0;Mainz 05 - Bayern M\u00fcnchen, 0 - 2
2499897;0.0;1.0;0.0;1.0;2.0;144.0;3.0;99.0;Watford - Huddersfield Town, 1 - 4
2576218;0.0;1.0;0.0;1.0;1.0;144.0;3.0;99.0;Sampdoria - Udinese, 2 - 1
2500985;0.0;1.0;0.0;1.0;0.0;144.0;3.0;99.0;Toulouse - Strasbourg, 2 - 2
2500926;0.0;1.0;0.0;1.0;2.0;144.0;3.0;99.0;Angers SCO - Monaco, 0 - 4
2576304;0.0;1.0;0.0;1.0;2.0;144.0;3.0;99.0;Bologna - Milan, 1 - 2
2576039;0.0;1.0;0.0;1.0;1.0;144.0;3.0;99.0;Atalanta - Bologna, 1 - 0
2500826;0.0;1.0;0.0;1.0;1.0;144.0;3.0;99.0;Amiens SC - Dijon, 2 - 1
2576317;0.0;1.0;0.0;1.0;1.0;144.0;3.0;99.0;Sassuolo - Sampdoria, 1 - 0
2576133;0.0;1.0;0.0;1.0;1.0;144.0;3.0;99.0;Lazio - Crotone, 4 - 0
2500948;0.0;1.0;0.0;1.0;0.0;144.0;3.0;99.0;Guingamp - Metz, 2 - 2
2499900;0.0;1.0;0.0;1.0;1.0;144.0;3.0;99.0;Brighton & Hove Albion - Watford, 1 - 0
2576250;0.0;1.0;0.0;1.0;1.0;144.0;3.0;99.0;Fiorentina - Crotone, 2 - 0
2500021;0.0;1.0;0.0;1.0;2.0;144.0;3.0;99.0;Huddersfield Town - Crystal Palace, 0 - 2
2516849;0.0;1.0;0.0;1.0;2.0;144.0;3.0;99.0;K\u00f6ln - Hertha BSC, 0 - 2
2516960;0.0;1.0;0.0;1.0;1.0;144.0;3.0;99.0;Eintracht Frankfurt - Hannover 96, 1 - 0
2565635;0.0;1.0;0.0;1.0;1.0;144.0;3.0;99.0;Legan\u00e9s - Athletic Club, 1 - 0
2500077;0.0;1.0;0.0;1.0;1.0;144.0;3.0;99.0;Tottenham Hotspur - Watford, 2 - 0
2565803;0.0;1.0;0.0;1.0;1.0;144.0;3.0;99.0;Girona - Celta de Vigo, 1 - 0
2576227;0.0;1.0;0.0;1.0;2.0;144.0;3.0;99.0;Atalanta - Sampdoria, 1 - 2
2565860;0.0;1.0;0.0;1.0;1.0;144.0;3.0;99.0;Atl\u00e9tico Madrid - Levante, 3 - 0
2565753;0.0;1.0;0.0;1.0;0.0;144.0;3.0;99.0;M\u00e1laga - Girona, 0 - 0
2576063;0.0;1.0;0.0;1.0;1.0;144.0;3.0;99.0;Napoli - Sassuolo, 3 - 1
2500992;0.0;1.0;0.0;1.0;1.0;144.0;3.0;99.0;PSG - Angers SCO, 2 - 1
2517008;0.0;1.0;0.0;1.0;0.0;144.0;3.0;99.0;Stuttgart - Hannover 96, 1 - 1
2517037;0.0;1.0;0.0;1.0;1.0;144.0;3.0;99.0;Hoffenheim - Borussia Dortmund, 3 - 1
2499918;0.0;1.0;0.0;1.0;0.0;144.0;3.0;99.0;West Bromwich Albion - Everton, 0 - 0
2565840;0.0;1.0;0.0;1.0;2.0;144.0;3.0;99.0;Legan\u00e9s - Valencia, 0 - 1
2500912;0.0;1.0;0.0;1.0;1.0;144.0;3.0;99.0;Metz - Nice, 2 - 1
2499826;0.0;1.0;0.0;1.0;2.0;144.0;3.0;99.0;Swansea City - Brighton & Hove Albion, 0 - 1
2565649;0.0;1.0;0.0;1.0;1.0;144.0;3.0;99.0;Real Sociedad - Eibar, 3 - 1
2516981;0.0;1.0;0.0;1.0;2.0;144.0;3.0;99.0;Wolfsburg - Schalke 04, 0 - 1
2576244;0.0;1.0;0.0;1.0;1.0;144.0;3.0;99.0;Napoli - Genoa, 1 - 0
2565870;0.0;1.0;0.0;1.0;2.0;144.0;3.0;99.0;Deportivo Alav\u00e9s - Girona, 1 - 2
2500817;0.0;1.0;0.0;1.0;1.0;144.0;3.0;99.0;Dijon - Toulouse, 3 - 1
2576160;0.0;1.0;0.0;1.0;1.0;144.0;3.0;99.0;Lazio - Chievo, 5 - 1
2499985;0.0;1.0;0.0;1.0;0.0;144.0;3.0;99.0;Stoke City - Brighton & Hove Albion, 1 - 1
2565770;0.0;1.0;0.0;1.0;2.0;144.0;3.0;99.0;Deportivo La Coru\u00f1a - Real Betis, 0 - 1
2576192;0.0;1.0;0.0;1.0;0.0;144.0;3.0;99.0;Sassuolo - Cagliari, 0 - 0
2576230;0.0;1.0;0.0;1.0;1.0;144.0;3.0;99.0;Fiorentina - Benevento, 1 - 0
2565867;0.0;1.0;0.0;1.0;2.0;144.0;3.0;99.0;M\u00e1laga - Real Madrid, 1 - 2
2499917;0.0;1.0;0.0;1.0;1.0;144.0;3.0;99.0;Watford - Leicester City, 2 - 1
2576204;0.0;1.0;0.0;1.0;2.0;144.0;3.0;99.0;Torino - Juventus, 0 - 1
2499941;0.0;1.0;0.0;1.0;1.0;144.0;3.0;99.0;Crystal Palace - Burnley, 1 - 0
2565774;0.0;1.0;0.0;1.0;0.0;144.0;3.0;99.0;Athletic Club - Las Palmas, 0 - 0
2576197;0.0;1.0;0.0;1.0;2.0;144.0;3.0;99.0;SPAL - Milan, 0 - 4
2499937;1.0;0.0;0.0;0.0;2.0;144.0;4.0;99.0;Swansea City - Tottenham Hotspur, 0 - 2
2576265;1.0;0.0;0.0;0.0;1.0;144.0;4.0;99.0;Torino - Internazionale, 1 - 0
2500780;1.0;0.0;0.0;0.0;1.0;144.0;4.0;99.0;Monaco - Caen, 2 - 0
2500813;1.0;0.0;0.0;0.0;1.0;144.0;4.0;99.0;PSG - Nantes, 4 - 1
2576245;1.0;0.0;0.0;0.0;2.0;144.0;4.0;99.0;Sampdoria - Internazionale, 0 - 5
2517005;1.0;0.0;0.0;0.0;1.0;144.0;4.0;99.0;Bayer Leverkusen - Eintracht Frankfurt, 4 - 1
2499923;1.0;0.0;0.0;0.0;1.0;144.0;4.0;99.0;Liverpool - Leicester City, 2 - 1
2500998;1.0;0.0;0.0;0.0;1.0;144.0;4.0;99.0;Bordeaux - Lille, 2 - 1
2565832;1.0;0.0;0.0;0.0;1.0;144.0;4.0;99.0;Villarreal - Atl\u00e9tico Madrid, 2 - 1
2500910;1.0;0.0;0.0;0.0;1.0;144.0;4.0;99.0;Lille - Strasbourg, 2 - 1
2499864;1.0;0.0;0.0;0.0;1.0;144.0;4.0;99.0;Leicester City - Burnley, 1 - 0
2499896;1.0;0.0;0.0;0.0;2.0;144.0;4.0;99.0;Stoke City - West Ham United, 0 - 3
2565845;1.0;0.0;0.0;0.0;0.0;144.0;4.0;99.0;Sevilla - Barcelona, 2 - 2
2500079;1.0;0.0;0.0;0.0;1.0;144.0;4.0;99.0;AFC Bournemouth - Swansea City, 1 - 0
2516949;1.0;0.0;0.0;0.0;0.0;144.0;4.0;99.0;Hoffenheim - Freiburg, 1 - 1
2500835;1.0;0.0;0.0;0.0;2.0;144.0;4.0;99.0;Toulouse - Nice, 1 - 2
2517023;1.0;0.0;0.0;0.0;0.0;144.0;4.0;99.0;Schalke 04 - Borussia M'gladbach, 1 - 1
2500830;1.0;0.0;0.0;0.0;2.0;144.0;4.0;99.0;Olympique Lyonnais - Lille, 1 - 2
2499992;1.0;0.0;0.0;0.0;0.0;144.0;4.0;99.0;Burnley - Southampton, 1 - 1
2565735;1.0;0.0;0.0;0.0;1.0;144.0;4.0;99.0;Real Betis - Legan\u00e9s, 3 - 2
2517028;1.0;0.0;0.0;0.0;1.0;144.0;4.0;99.0;RB Leipzig - Wolfsburg, 4 - 1
2499965;1.0;0.0;0.0;0.0;0.0;144.0;4.0;99.0;Southampton - Brighton & Hove Albion, 1 - 1
2500847;1.0;0.0;0.0;0.0;0.0;144.0;4.0;99.0;Angers SCO - Montpellier, 1 - 1
2500861;1.0;0.0;0.0;0.0;1.0;144.0;4.0;99.0;Nice - Bordeaux, 1 - 0
2565727;1.0;0.0;0.0;0.0;1.0;144.0;4.0;99.0;Atl\u00e9tico Madrid - Getafe, 2 - 0
2576272;1.0;0.0;0.0;0.0;0.0;144.0;4.0;99.0;Atalanta - Internazionale, 0 - 0
2516989;1.0;0.0;0.0;0.0;2.0;144.0;4.0;99.0;Hannover 96 - RB Leipzig, 2 - 3
2576171;1.0;0.0;0.0;0.0;1.0;144.0;4.0;99.0;Napoli - Bologna, 3 - 1
2565698;1.0;0.0;0.0;0.0;1.0;144.0;4.0;99.0;Eibar - Valencia, 2 - 1
2501007;1.0;0.0;0.0;0.0;0.0;144.0;4.0;99.0;Caen - Toulouse, 0 - 0
2499914;1.0;0.0;0.0;0.0;0.0;144.0;4.0;99.0;Manchester United - Burnley, 2 - 2
2576166;1.0;0.0;0.0;0.0;0.0;144.0;4.0;99.0;Internazionale - Roma, 1 - 1
2516974;1.0;0.0;0.0;0.0;1.0;144.0;4.0;99.0;RB Leipzig - Bayern M\u00fcnchen, 2 - 1
2576209;1.0;0.0;0.0;0.0;1.0;144.0;4.0;99.0;Juventus - Atalanta, 2 - 0
2499818;1.0;0.0;0.0;0.0;2.0;144.0;4.0;99.0;West Bromwich Albion - Manchester City, 2 - 3
2565655;1.0;0.0;0.0;0.0;2.0;144.0;4.0;99.0;Deportivo La Coru\u00f1a - Atl\u00e9tico Madrid, 0 - 1
2576269;1.0;0.0;0.0;0.0;0.0;144.0;4.0;99.0;Sassuolo - Benevento, 2 - 2
2500960;1.0;0.0;0.0;0.0;0.0;144.0;4.0;99.0;Metz - Toulouse, 1 - 1
2500949;1.0;0.0;0.0;0.0;2.0;144.0;4.0;99.0;Lille - Angers SCO, 1 - 2
2500793;1.0;0.0;0.0;0.0;1.0;144.0;4.0;99.0;PSG - Nice, 3 - 0
2576224;1.0;0.0;0.0;0.0;0.0;144.0;4.0;99.0;Milan - Internazionale, 0 - 0
2500000;1.0;0.0;0.0;0.0;1.0;144.0;4.0;99.0;Burnley - Everton, 2 - 1
2565782;1.0;0.0;0.0;0.0;2.0;144.0;4.0;99.0;M\u00e1laga - Valencia, 1 - 2
2500988;1.0;0.0;0.0;0.0;1.0;144.0;4.0;99.0;Guingamp - Bordeaux, 2 - 1
2576338;1.0;0.0;0.0;0.0;2.0;144.0;4.0;99.0;Genoa - Torino, 1 - 2
2576056;1.0;0.0;0.0;0.0;1.0;144.0;4.0;99.0;Juventus - SPAL, 4 - 1
2500940;1.0;0.0;0.0;0.0;1.0;144.0;4.0;99.0;Olympique Marseille - Bordeaux, 1 - 0
2501010;1.0;0.0;0.0;0.0;2.0;144.0;4.0;99.0;Montpellier - Bordeaux, 1 - 3
2517038;1.0;0.0;0.0;0.0;2.0;144.0;4.0;99.0;Hertha BSC - RB Leipzig, 2 - 6
2565912;1.0;0.0;0.0;0.0;1.0;144.0;4.0;99.0;Real Madrid - Celta de Vigo, 6 - 0
2576198;1.0;0.0;0.0;0.0;1.0;144.0;4.0;99.0;Torino - Udinese, 2 - 0
2516842;1.0;0.0;0.0;0.0;1.0;144.0;4.0;99.0;Schalke 04 - Hamburger SV, 2 - 0
2565674;1.0;0.0;0.0;0.0;0.0;144.0;4.0;99.0;Real Betis - Girona, 2 - 2
2500945;1.0;0.0;0.0;0.0;1.0;144.0;4.0;99.0;Troyes - Metz, 1 - 0
2576132;1.0;0.0;0.0;0.0;1.0;144.0;4.0;99.0;Juventus - Roma, 1 - 0
2576100;1.0;0.0;0.0;0.0;0.0;144.0;4.0;99.0;Bologna - Cagliari, 1 - 1
2565712;1.0;0.0;0.0;0.0;1.0;144.0;4.0;99.0;Getafe - Las Palmas, 2 - 0
2576262;1.0;0.0;0.0;0.0;1.0;144.0;4.0;99.0;Napoli - Chievo, 2 - 1
2500965;1.0;0.0;0.0;0.0;2.0;144.0;4.0;99.0;Troyes - PSG, 0 - 2
2565745;1.0;0.0;0.0;0.0;1.0;144.0;4.0;99.0;Villarreal - Levante, 2 - 1
2501031;1.0;0.0;0.0;0.0;2.0;144.0;4.0;99.0;Montpellier - Saint-\u00c9tienne, 0 - 1
2499862;1.0;0.0;0.0;0.0;1.0;144.0;4.0;99.0;Chelsea - Newcastle United, 3 - 1
2499877;1.0;0.0;0.0;0.0;1.0;144.0;4.0;99.0;Tottenham Hotspur - Stoke City, 5 - 1
2499979;1.0;0.0;0.0;0.0;1.0;144.0;4.0;99.0;Chelsea - West Bromwich Albion, 3 - 0
2565918;1.0;0.0;0.0;0.0;1.0;144.0;4.0;99.0;Celta de Vigo - Levante, 4 - 2
2500937;1.0;0.0;0.0;0.0;2.0;144.0;4.0;99.0;Angers SCO - Saint-\u00c9tienne, 0 - 1
2500836;1.0;0.0;0.0;0.0;2.0;144.0;4.0;99.0;Caen - Olympique Lyonnais, 1 - 2
2500020;1.0;0.0;0.0;0.0;2.0;144.0;4.0;99.0;Burnley - Chelsea, 1 - 2
2500860;1.0;0.0;0.0;0.0;1.0;144.0;4.0;99.0;Nantes - Angers SCO, 1 - 0
2576285;1.0;0.0;0.0;0.0;2.0;144.0;4.0;99.0;Fiorentina - Lazio, 3 - 4
2576116;1.0;0.0;0.0;0.0;1.0;144.0;4.0;99.0;Sassuolo - Crotone, 2 - 1
2565826;1.0;0.0;0.0;0.0;1.0;144.0;4.0;99.0;Athletic Club - Legan\u00e9s, 2 - 0
2565896;1.0;0.0;0.0;0.0;2.0;144.0;4.0;99.0;Deportivo Alav\u00e9s - Atl\u00e9tico Madrid, 0 - 1
2516947;1.0;0.0;0.0;0.0;0.0;144.0;4.0;99.0;Borussia Dortmund - Augsburg, 1 - 1
2565914;1.0;0.0;0.0;0.0;0.0;144.0;4.0;99.0;Real Betis - Sevilla, 2 - 2
2500944;1.0;0.0;0.0;0.0;1.0;144.0;4.0;99.0;PSG - Strasbourg, 5 - 2
2565894;1.0;0.0;0.0;0.0;1.0;144.0;4.0;99.0;Real Sociedad - Athletic Club, 3 - 1
2500843;1.0;0.0;0.0;0.0;0.0;144.0;4.0;99.0;Saint-\u00c9tienne - Nantes, 1 - 1
2499932;1.0;0.0;0.0;0.0;2.0;144.0;4.0;99.0;Everton - Manchester United, 0 - 2
2576216;1.0;0.0;0.0;0.0;2.0;144.0;4.0;99.0;Crotone - SPAL, 2 - 3
2500879;1.0;0.0;0.0;0.0;0.0;144.0;4.0;99.0;Montpellier - Monaco, 0 - 0
2500017;1.0;0.0;0.0;0.0;2.0;144.0;4.0;99.0;West Bromwich Albion - Leicester City, 1 - 4
2565915;1.0;0.0;0.0;0.0;1.0;144.0;4.0;99.0;Eibar - Las Palmas, 1 - 0
2565648;1.0;0.0;0.0;0.0;0.0;144.0;4.0;99.0;Real Betis - Getafe, 2 - 2
2516957;1.0;0.0;0.0;0.0;2.0;144.0;4.0;99.0;Freiburg - Bayern M\u00fcnchen, 0 - 4
2565850;1.0;0.0;0.0;0.0;1.0;144.0;4.0;99.0;Celta de Vigo - Sevilla, 4 - 0
2565827;1.0;0.0;0.0;0.0;1.0;144.0;4.0;99.0;Girona - Deportivo La Coru\u00f1a, 2 - 0
2500943;1.0;0.0;0.0;0.0;0.0;144.0;4.0;99.0;Nice - Nantes, 1 - 1
2516892;1.0;0.0;0.0;0.0;0.0;144.0;4.0;99.0;Borussia Dortmund - Wolfsburg, 0 - 0
2499912;1.0;0.0;0.0;0.0;0.0;144.0;4.0;99.0;Huddersfield Town - Stoke City, 1 - 1
2516941;1.0;0.0;0.0;0.0;0.0;144.0;4.0;99.0;Schalke 04 - Hoffenheim, 2 - 1
2499868;1.0;0.0;0.0;0.0;0.0;144.0;4.0;99.0;West Bromwich Albion - Crystal Palace, 0 - 0
2576264;1.0;0.0;0.0;0.0;0.0;144.0;4.0;99.0;Sampdoria - Genoa, 0 - 0
2500011;1.0;0.0;0.0;0.0;1.0;144.0;4.0;99.0;Chelsea - Crystal Palace, 2 - 1
2501019;1.0;0.0;0.0;0.0;1.0;144.0;4.0;99.0;Guingamp - Monaco, 3 - 1
2500841;1.0;0.0;0.0;0.0;1.0;144.0;4.0;99.0;Nice - Metz, 3 - 1
2576234;1.0;0.0;0.0;0.0;0.0;144.0;4.0;99.0;Internazionale - Napoli, 0 - 0
2500839;1.0;0.0;0.0;0.0;1.0;144.0;4.0;99.0;Monaco - Angers SCO, 1 - 0
2500859;1.0;0.0;0.0;0.0;2.0;144.0;4.0;99.0;Montpellier - Metz, 1 - 3
2576277;1.0;0.0;0.0;0.0;0.0;144.0;4.0;99.0;Chievo - Torino, 0 - 0
2576080;1.0;0.0;0.0;0.0;2.0;144.0;4.0;99.0;Crotone - Genoa, 0 - 1
2565681;1.0;0.0;0.0;0.0;0.0;144.0;4.0;99.0;Barcelona - Celta de Vigo, 2 - 2
2499980;1.0;0.0;0.0;0.0;1.0;144.0;4.0;99.0;Everton - Crystal Palace, 3 - 1
2501029;1.0;0.0;0.0;0.0;1.0;144.0;4.0;99.0;Olympique Lyonnais - Nantes, 2 - 0
2500903;1.0;0.0;0.0;0.0;1.0;144.0;4.0;99.0;Rennes - Angers SCO, 1 - 0
2516862;1.0;0.0;0.0;0.0;0.0;144.0;4.0;99.0;Bayer Leverkusen - Borussia Dortmund, 1 - 1
2499978;1.0;0.0;0.0;0.0;2.0;144.0;4.0;99.0;West Bromwich Albion - Southampton, 2 - 3
2500930;1.0;0.0;0.0;0.0;2.0;144.0;4.0;99.0;Olympique Lyonnais - Rennes, 0 - 2
2501016;1.0;0.0;0.0;0.0;1.0;144.0;4.0;99.0;Amiens SC - Strasbourg, 3 - 1
2576180;1.0;0.0;0.0;0.0;0.0;144.0;4.0;99.0;Internazionale - Crotone, 1 - 1
2500003;1.0;0.0;0.0;0.0;1.0;144.0;4.0;99.0;Liverpool - Newcastle United, 2 - 0
2499822;1.0;0.0;0.0;0.0;1.0;144.0;4.0;99.0;Manchester City - Arsenal, 3 - 1
2576241;1.0;0.0;0.0;0.0;2.0;144.0;4.0;99.0;Benevento - Cagliari, 1 - 2
2516967;1.0;0.0;0.0;0.0;0.0;144.0;4.0;99.0;Hertha BSC - Freiburg, 0 - 0
2501013;1.0;0.0;0.0;0.0;2.0;144.0;4.0;99.0;Rennes - Metz, 1 - 2
2500845;1.0;0.0;0.0;0.0;2.0;144.0;4.0;99.0;Troyes - Guingamp, 0 - 1
2576127;1.0;0.0;0.0;0.0;2.0;144.0;4.0;99.0;Sampdoria - Sassuolo, 0 - 1
2501030;1.0;0.0;0.0;0.0;0.0;144.0;4.0;99.0;Monaco - Amiens SC, 0 - 0
2565768;1.0;0.0;0.0;0.0;2.0;144.0;4.0;99.0;Legan\u00e9s - Eibar, 0 - 1
2500032;1.0;0.0;0.0;0.0;2.0;144.0;4.0;99.0;Crystal Palace - Liverpool, 1 - 2
2499803;1.0;0.0;0.0;0.0;1.0;144.0;4.0;99.0;Newcastle United - Crystal Palace, 1 - 0
2499800;1.0;0.0;0.0;0.0;2.0;144.0;4.0;99.0;Everton - Arsenal, 2 - 5
2576219;1.0;0.0;0.0;0.0;1.0;144.0;4.0;99.0;SPAL - Bologna, 1 - 0
2516855;1.0;0.0;0.0;0.0;0.0;144.0;4.0;99.0;Hannover 96 - Stuttgart, 1 - 1
2565734;1.0;0.0;0.0;0.0;1.0;144.0;4.0;99.0;Getafe - M\u00e1laga, 1 - 0
2576208;1.0;0.0;0.0;0.0;1.0;144.0;4.0;99.0;Napoli - SPAL, 1 - 0
2501022;1.0;0.0;0.0;0.0;0.0;144.0;4.0;99.0;Nantes - Rennes, 1 - 1
2500074;1.0;0.0;0.0;0.0;2.0;144.0;4.0;99.0;Newcastle United - West Bromwich Albion, 0 - 1
2576103;1.0;0.0;0.0;0.0;2.0;144.0;4.0;99.0;Hellas Verona - Genoa, 0 - 1
2516928;1.0;0.0;0.0;0.0;1.0;144.0;4.0;99.0;Bayern M\u00fcnchen - Schalke 04, 2 - 1
2565724;1.0;0.0;0.0;0.0;1.0;144.0;4.0;99.0;Athletic Club - Deportivo Alav\u00e9s, 2 - 0
2565873;1.0;0.0;0.0;0.0;0.0;144.0;4.0;99.0;Deportivo La Coru\u00f1a - Sevilla, 0 - 0
2565715;1.0;0.0;0.0;0.0;1.0;144.0;4.0;99.0;Real Sociedad - Sevilla, 3 - 1
2576097;1.0;0.0;0.0;0.0;2.0;144.0;4.0;99.0;Sassuolo - Hellas Verona, 0 - 2
2499817;1.0;0.0;0.0;0.0;2.0;144.0;4.0;99.0;Watford - Stoke City, 0 - 1
2565817;1.0;0.0;0.0;0.0;1.0;144.0;4.0;99.0;Barcelona - Atl\u00e9tico Madrid, 1 - 0
2500963;1.0;0.0;0.0;0.0;1.0;144.0;4.0;99.0;Nice - Lille, 2 - 1
2576253;1.0;0.0;0.0;0.0;0.0;144.0;4.0;99.0;Sassuolo - Napoli, 1 - 1
2565881;1.0;0.0;0.0;0.0;2.0;144.0;4.0;99.0;Eibar - Getafe, 0 - 1
2500996;1.0;0.0;0.0;0.0;1.0;144.0;4.0;99.0;Amiens SC - Caen, 3 - 0
2576043;1.0;0.0;0.0;0.0;0.0;144.0;4.0;99.0;Milan - Genoa, 0 - 0
2499960;1.0;0.0;0.0;0.0;1.0;144.0;4.0;99.0;Swansea City - Arsenal, 3 - 1
2516992;1.0;0.0;0.0;0.0;2.0;144.0;4.0;99.0;RB Leipzig - Bayer Leverkusen, 1 - 4
2500858;1.0;0.0;0.0;0.0;1.0;144.0;4.0;99.0;Olympique Lyonnais - Olympique Marseille, 2 - 0
2500902;1.0;0.0;0.0;0.0;1.0;144.0;4.0;99.0;Nice - Saint-\u00c9tienne, 1 - 0
2500957;1.0;0.0;0.0;0.0;1.0;144.0;4.0;99.0;Angers SCO - Guingamp, 3 - 0
2500041;1.0;0.0;0.0;0.0;0.0;144.0;4.0;99.0;Brighton & Hove Albion - Huddersfield Town, 1 - 1
2565902;1.0;0.0;0.0;0.0;0.0;144.0;4.0;99.0;Celta de Vigo - Deportivo La Coru\u00f1a, 1 - 1
2516869;1.0;0.0;0.0;0.0;2.0;144.0;4.0;99.0;Eintracht Frankfurt - Bayern M\u00fcnchen, 0 - 1
2565654;1.0;0.0;0.0;0.0;1.0;144.0;4.0;99.0;Villarreal - M\u00e1laga, 2 - 0
2516884;1.0;0.0;0.0;0.0;2.0;144.0;4.0;99.0;RB Leipzig - Hertha BSC, 2 - 3
2500956;1.0;0.0;0.0;0.0;2.0;144.0;4.0;99.0;Amiens SC - Rennes, 0 - 2
2500073;1.0;0.0;0.0;0.0;1.0;144.0;4.0;99.0;Manchester United - Arsenal, 2 - 1
2565795;1.0;0.0;0.0;0.0;1.0;144.0;4.0;99.0;Valencia - Real Sociedad, 2 - 1
2516973;1.0;0.0;0.0;0.0;1.0;144.0;4.0;99.0;Borussia Dortmund - Hannover 96, 1 - 0
2565659;1.0;0.0;0.0;0.0;1.0;144.0;4.0;99.0;Eibar - Real Betis, 5 - 0
2516958;1.0;0.0;0.0;0.0;0.0;144.0;4.0;99.0;Borussia M'gladbach - Werder Bremen, 2 - 2
2576301;1.0;0.0;0.0;0.0;1.0;144.0;4.0;99.0;Atalanta - Genoa, 3 - 1
2516938;1.0;0.0;0.0;0.0;2.0;144.0;4.0;99.0;Hertha BSC - Mainz 05, 0 - 2
2501037;1.0;0.0;0.0;0.0;2.0;144.0;4.0;99.0;Caen - Monaco, 1 - 2
2516898;1.0;0.0;0.0;0.0;1.0;144.0;4.0;99.0;Augsburg - Hamburger SV, 1 - 0
2576157;1.0;0.0;0.0;0.0;1.0;144.0;4.0;99.0;Genoa - Sassuolo, 1 - 0
2499921;1.0;0.0;0.0;0.0;0.0;144.0;4.0;99.0;Crystal Palace - Manchester City, 0 - 0
2565716;1.0;0.0;0.0;0.0;1.0;144.0;4.0;99.0;Deportivo Alav\u00e9s - M\u00e1laga, 1 - 0
2565728;1.0;0.0;0.0;0.0;1.0;144.0;4.0;99.0;Girona - Las Palmas, 6 - 0
2500767;1.0;0.0;0.0;0.0;2.0;144.0;4.0;99.0;Caen - Angers SCO, 0 - 2
2576135;1.0;0.0;0.0;0.0;1.0;144.0;4.0;99.0;Napoli - Sampdoria, 3 - 2
2516909;1.0;0.0;0.0;0.0;2.0;144.0;4.0;99.0;Wolfsburg - Eintracht Frankfurt, 1 - 3
2500046;1.0;0.0;0.0;0.0;2.0;144.0;4.0;99.0;Stoke City - Tottenham Hotspur, 1 - 2
2576260;1.0;0.0;0.0;0.0;1.0;144.0;4.0;99.0;Crotone - Bologna, 1 - 0
2500953;1.0;0.0;0.0;0.0;1.0;144.0;4.0;99.0;Rennes - Troyes, 2 - 0
2500094;1.0;0.0;0.0;0.0;1.0;144.0;4.0;99.0;Newcastle United - Chelsea, 3 - 0
2500787;1.0;0.0;0.0;0.0;1.0;144.0;4.0;99.0;Caen - Troyes, 1 - 0
2499927;1.0;0.0;0.0;0.0;2.0;144.0;4.0;99.0;Watford - Swansea City, 1 - 2
2516901;1.0;0.0;0.0;0.0;1.0;144.0;4.0;99.0;Bayern M\u00fcnchen - Werder Bremen, 4 - 2
2576211;1.0;0.0;0.0;0.0;1.0;144.0;4.0;99.0;Fiorentina - Chievo, 1 - 0
2499814;1.0;0.0;0.0;0.0;1.0;144.0;4.0;99.0;Leicester City - Everton, 2 - 0
2576217;1.0;0.0;0.0;0.0;1.0;144.0;4.0;99.0;Hellas Verona - Torino, 2 - 1
2576284;1.0;0.0;0.0;0.0;0.0;144.0;4.0;99.0;Crotone - Juventus, 1 - 1
2500075;1.0;0.0;0.0;0.0;1.0;144.0;4.0;99.0;Southampton - AFC Bournemouth, 2 - 1
2565926;1.0;0.0;0.0;0.0;1.0;144.0;4.0;99.0;Legan\u00e9s - Real Betis, 3 - 2
2500805;1.0;0.0;0.0;0.0;1.0;144.0;4.0;99.0;Troyes - Strasbourg, 3 - 0
2565805;1.0;0.0;0.0;0.0;1.0;144.0;4.0;99.0;Eibar - Villarreal, 1 - 0
2576147;1.0;0.0;0.0;0.0;1.0;144.0;4.0;99.0;Sampdoria - SPAL, 2 - 0
2500806;1.0;0.0;0.0;0.0;0.0;144.0;4.0;99.0;Amiens SC - Monaco, 1 - 1
2565769;1.0;0.0;0.0;0.0;2.0;144.0;4.0;99.0;Villarreal - Deportivo Alav\u00e9s, 1 - 2
2499852;1.0;0.0;0.0;0.0;1.0;144.0;4.0;99.0;Leicester City - Tottenham Hotspur, 2 - 1
2516931;1.0;0.0;0.0;0.0;1.0;144.0;4.0;99.0;Hoffenheim - Mainz 05, 4 - 2
2500951;1.0;0.0;0.0;0.0;2.0;144.0;4.0;99.0;Nantes - Amiens SC, 0 - 1
2576337;1.0;0.0;0.0;0.0;1.0;144.0;4.0;99.0;SPAL - Sampdoria, 3 - 1
2516946;1.0;0.0;0.0;0.0;0.0;144.0;4.0;99.0;Bayern M\u00fcnchen - Hertha BSC, 0 - 0
2500006;1.0;0.0;0.0;0.0;1.0;144.0;4.0;99.0;Swansea City - West Ham United, 4 - 1
2565762;1.0;0.0;0.0;0.0;1.0;144.0;4.0;99.0;Girona - Athletic Club, 2 - 0
2500950;1.0;0.0;0.0;0.0;0.0;144.0;4.0;99.0;Olympique Lyonnais - Saint-\u00c9tienne, 1 - 1
2499830;1.0;0.0;0.0;0.0;1.0;144.0;4.0;99.0;Arsenal - Tottenham Hotspur, 2 - 0
2565778;1.0;0.0;0.0;0.0;1.0;144.0;4.0;99.0;Getafe - Celta de Vigo, 3 - 0
2516846;1.0;0.0;0.0;0.0;1.0;144.0;4.0;99.0;Stuttgart - Borussia Dortmund, 2 - 1
2517044;1.0;0.0;0.0;0.0;1.0;144.0;4.0;99.0;Wolfsburg - K\u00f6ln, 4 - 1
2501065;1.0;0.0;0.0;0.0;2.0;144.0;4.0;99.0;Troyes - Monaco, 0 - 3
2500972;1.0;0.0;0.0;0.0;1.0;144.0;4.0;99.0;PSG - Metz, 5 - 0
2516893;1.0;0.0;0.0;0.0;1.0;144.0;4.0;99.0;RB Leipzig - Schalke 04, 3 - 1
2500848;1.0;0.0;0.0;0.0;2.0;144.0;4.0;99.0;Bordeaux - Strasbourg, 0 - 3
2565722;1.0;0.0;0.0;0.0;1.0;144.0;4.0;99.0;Valencia - Girona, 2 - 1
2565726;1.0;0.0;0.0;0.0;2.0;144.0;4.0;99.0;M\u00e1laga - Espanyol, 0 - 1
2500051;1.0;0.0;0.0;0.0;1.0;144.0;4.0;99.0;Huddersfield Town - Watford, 1 - 0
2576267;1.0;0.0;0.0;0.0;2.0;144.0;4.0;99.0;Udinese - Lazio, 1 - 2
2500082;1.0;0.0;0.0;0.0;1.0;144.0;4.0;99.0;Chelsea - Liverpool, 1 - 0
2516962;1.0;0.0;0.0;0.0;0.0;144.0;4.0;99.0;Hamburger SV - Mainz 05, 0 - 0
2499844;1.0;0.0;0.0;0.0;2.0;144.0;4.0;99.0;Newcastle United - Watford, 0 - 3
2576233;1.0;0.0;0.0;0.0;2.0;144.0;4.0;99.0;Genoa - Milan, 0 - 1
2576276;1.0;0.0;0.0;0.0;0.0;144.0;4.0;99.0;Fiorentina - SPAL, 0 - 0
2576042;1.0;0.0;0.0;0.0;1.0;144.0;4.0;99.0;Lazio - Cagliari, 3 - 0
2576050;1.0;0.0;0.0;0.0;2.0;144.0;4.0;99.0;Bologna - Lazio, 1 - 2
2500880;1.0;0.0;0.0;0.0;2.0;144.0;4.0;99.0;Nantes - PSG, 0 - 1
2565856;1.0;0.0;0.0;0.0;1.0;144.0;4.0;99.0;Barcelona - Legan\u00e9s, 3 - 1
2516820;1.0;0.0;0.0;0.0;1.0;144.0;4.0;99.0;Bayern M\u00fcnchen - RB Leipzig, 2 - 0
2565822;1.0;0.0;0.0;0.0;2.0;144.0;4.0;99.0;Deportivo Alav\u00e9s - Real Betis, 1 - 3
2576143;1.0;0.0;0.0;0.0;0.0;144.0;4.0;99.0;Fiorentina - Milan, 1 - 1
2565633;1.0;0.0;0.0;0.0;1.0;144.0;4.0;99.0;Real Madrid - Eibar, 3 - 0
2576221;1.0;0.0;0.0;0.0;1.0;144.0;4.0;99.0;Torino - Crotone, 4 - 1
